n,time_f1,time_f2,time_f3,time_f4
0,0.000001,0.000000,0.000000,0.000000,0.000000
10,0.000000,0.000000,0.000001,0.000001,0.000002
20,0.000000,0.000001,0.000002,0.000001,0.000002
30,0.000000,0.000001,0.000002,0.000001,0.000002
40,0.000001,0.000001,0.000002,0.000003,0.000003
50,0.000001,0.000001,0.000003,0.000003,0.000004
60,0.000001,0.000001,0.000003,0.000004,0.000004
70,0.000001,0.000001,0.000004,0.000008,0.000006
80,0.000001,0.000002,0.000005,0.000009,0.000006
90,0.000001,0.000002,0.000005,0.000012,0.000007
100,0.000002,0.000002,0.000006,0.000015,0.000008
110,0.000001,0.000003,0.000006,0.000018,0.000009
120,0.000001,0.000002,0.000007,0.000021,0.000009
130,0.000001,0.000003,0.000007,0.000024,0.000009
140,0.000001,0.000003,0.000008,0.000027,0.000011
150,0.000001,0.000003,0.000008,0.000032,0.000012
160,0.000001,0.000003,0.000009,0.000036,0.000012
170,0.000001,0.000003,0.000009,0.000041,0.000014
180,0.000001,0.000003,0.000010,0.000045,0.000015
190,0.000002,0.000004,0.000011,0.000051,0.000014
200,0.000001,0.000003,0.000010,0.000063,0.000015
210,0.000001,0.000003,0.000011,0.000061,0.000017
220,0.000001,0.000004,0.000012,0.000069,0.000019
230,0.000002,0.000005,0.000014,0.000079,0.000020
240,0.000002,0.000004,0.000014,0.000086,0.000020
250,0.000002,0.000004,0.000015,0.000094,0.000022
260,0.000002,0.000005,0.000016,0.000102,0.000023
270,0.000002,0.000005,0.000016,0.000118,0.000024
280,0.000003,0.000005,0.000017,0.000117,0.000025
290,0.000002,0.000006,0.000017,0.000118,0.000023
300,0.000003,0.000005,0.000016,0.000122,0.000023
310,0.000002,0.000006,0.000017,0.000130,0.000024
320,0.000002,0.000006,0.000018,0.000139,0.000025
330,0.000003,0.000006,0.000018,0.000240,0.000018
340,0.000001,0.000005,0.000014,0.000069,0.000017
350,0.000001,0.000004,0.000015,0.000073,0.000018
360,0.000001,0.000004,0.000016,0.000077,0.000018
370,0.000001,0.000004,0.000015,0.000082,0.000019
380,0.000001,0.000005,0.000016,0.000085,0.000019
390,0.000001,0.000005,0.000016,0.000096,0.000020
400,0.000001,0.000005,0.000016,0.000086,0.000018
410,0.000001,0.000005,0.000015,0.000087,0.000019
420,0.000001,0.000005,0.000015,0.000091,0.000019
430,0.000001,0.000005,0.000016,0.000095,0.000019
440,0.000001,0.000004,0.000016,0.000100,0.000020
450,0.000001,0.000005,0.000016,0.000105,0.000020
460,0.000001,0.000005,0.000017,0.000109,0.000021
470,0.000001,0.000005,0.000017,0.000106,0.000020
480,0.000002,0.000005,0.000016,0.000108,0.000020
490,0.000001,0.000005,0.000017,0.000112,0.000021
500,0.000001,0.000005,0.000017,0.000117,0.000021
510,0.000001,0.000005,0.000017,0.000122,0.000022
520,0.000001,0.000006,0.000017,0.000135,0.000023
530,0.000001,0.000006,0.000018,0.000131,0.000023
540,0.000001,0.000005,0.000018,0.000138,0.000024
550,0.000001,0.000006,0.000019,0.000145,0.000024
560,0.000001,0.000005,0.000019,0.000147,0.000024
570,0.000001,0.000006,0.000019,0.000160,0.000027
580,0.000002,0.000006,0.000021,0.000161,0.000027
590,0.000001,0.000007,0.000021,0.000175,0.000027
600,0.000001,0.000007,0.000021,0.000181,0.000028
610,0.000001,0.000007,0.000022,0.000178,0.000026
620,0.000001,0.000007,0.000021,0.000183,0.000027
630,0.000002,0.000006,0.000021,0.000189,0.000027
640,0.000001,0.000007,0.000022,0.000195,0.000028
650,0.000002,0.000007,0.000022,0.000212,0.000036
660,0.000001,0.000007,0.000024,0.000223,0.000031
670,0.000001,0.000008,0.000025,0.000229,0.000031
680,0.000001,0.000007,0.000026,0.000233,0.000032
690,0.000002,0.000007,0.000024,0.000235,0.000030
700,0.000001,0.000008,0.000024,0.000234,0.000029
710,0.000002,0.000007,0.000024,0.000248,0.000032
720,0.000001,0.000008,0.000026,0.000246,0.000031
730,0.000001,0.000008,0.000026,0.000260,0.000031
740,0.000002,0.000007,0.000026,0.000259,0.000032
750,0.000002,0.000007,0.000025,0.000273,0.000032
760,0.000001,0.000007,0.000027,0.000273,0.000033
770,0.000002,0.000008,0.000027,0.000289,0.000033
780,0.000001,0.000008,0.000027,0.000284,0.000034
790,0.000001,0.000008,0.000027,0.000289,0.000035
800,0.000002,0.000008,0.000027,0.000308,0.000035
810,0.000001,0.000008,0.000027,0.000312,0.000038
820,0.000002,0.000009,0.000029,0.000336,0.000039
830,0.000002,0.000009,0.000029,0.000343,0.000039
840,0.000002,0.000009,0.000029,0.000350,0.000039
850,0.000002,0.000011,0.000030,0.000359,0.000039
860,0.000002,0.000009,0.000031,0.000368,0.000041
870,0.000001,0.000009,0.000031,0.000378,0.000041
880,0.000002,0.000010,0.000031,0.000385,0.000041
890,0.000002,0.000010,0.000032,0.000400,0.000052
900,0.000003,0.000009,0.000032,0.000407,0.000049
910,0.000003,0.000010,0.000032,0.000420,0.000049
920,0.000002,0.000010,0.000033,0.000424,0.000048
930,0.000002,0.000015,0.000033,0.000433,0.000053
940,0.000002,0.000011,0.000033,0.000446,0.000046
950,0.000003,0.000011,0.000034,0.000448,0.000046
960,0.000002,0.000010,0.000034,0.000464,0.000046
970,0.000003,0.000010,0.000034,0.000468,0.000046
980,0.000002,0.000011,0.000035,0.000480,0.000047
990,0.000002,0.000011,0.000036,0.000487,0.000046
1000,0.000003,0.000011,0.000035,0.000497,0.000049
1010,0.000002,0.000012,0.000036,0.000509,0.000048
1020,0.000003,0.000011,0.000037,0.000515,0.000048
1030,0.000003,0.000011,0.000037,0.000531,0.000049
1040,0.000003,0.000012,0.000037,0.000541,0.000050
1050,0.000002,0.000011,0.000037,0.000547,0.000050
1060,0.000002,0.000012,0.000038,0.000561,0.000051
1070,0.000002,0.000012,0.000038,0.000571,0.000052
1080,0.000002,0.000012,0.000039,0.000578,0.000053
1090,0.000003,0.000012,0.000041,0.000589,0.000052
1100,0.000003,0.000012,0.000040,0.000603,0.000054
1110,0.000003,0.000012,0.000040,0.000615,0.000054
1120,0.000002,0.000012,0.000040,0.000622,0.000055
1130,0.000002,0.000012,0.000040,0.000636,0.000055
1140,0.000003,0.000012,0.000040,0.000647,0.000059
1150,0.000003,0.000013,0.000041,0.000659,0.000056
1160,0.000003,0.000012,0.000041,0.000666,0.000061
1170,0.000004,0.000013,0.000042,0.000677,0.000057
1180,0.000002,0.000012,0.000043,0.000694,0.000058
1190,0.000003,0.000013,0.000042,0.000705,0.000059
1200,0.000003,0.000013,0.000043,0.000716,0.000059
1210,0.000003,0.000013,0.000044,0.000726,0.000060
1220,0.000003,0.000012,0.000040,0.000740,0.000060
1230,0.000003,0.000014,0.000044,0.000748,0.000060
1240,0.000003,0.000014,0.000044,0.000761,0.000061
1250,0.000003,0.000013,0.000045,0.000777,0.000061
1260,0.000003,0.000013,0.000044,0.000792,0.000062
1270,0.000003,0.000014,0.000045,0.000801,0.000071
1280,0.000002,0.000013,0.000045,0.000817,0.000062
1290,0.000003,0.000014,0.000046,0.000825,0.000063
1300,0.000002,0.000014,0.000046,0.000837,0.000064
1310,0.000003,0.000014,0.000046,0.000850,0.000065
1320,0.000003,0.000014,0.000047,0.000865,0.000075
1330,0.000003,0.000014,0.000047,0.000874,0.000060
1340,0.000003,0.000013,0.000045,0.000814,0.000059
1350,0.000002,0.000014,0.000045,0.000827,0.000065
1360,0.000002,0.000013,0.000043,0.000838,0.000061
1370,0.000003,0.000013,0.000045,0.000861,0.000065
1380,0.000003,0.000014,0.000045,0.000865,0.000061
1390,0.000003,0.000014,0.000046,0.000891,0.000064
1400,0.000003,0.000014,0.000047,0.000903,0.000064
1410,0.000003,0.000014,0.000046,0.001043,0.000075
1420,0.000003,0.000015,0.000056,0.001008,0.000073
1430,0.000003,0.000015,0.000051,0.001017,0.000072
1440,0.000002,0.000015,0.000050,0.001001,0.000073
1450,0.000003,0.000016,0.000051,0.001040,0.000072
1460,0.000003,0.000016,0.000052,0.001055,0.000073
1470,0.000003,0.000016,0.000052,0.001074,0.000073
1480,0.000003,0.000015,0.000052,0.001085,0.000074
1490,0.000004,0.000016,0.000053,0.001098,0.000074
1500,0.000003,0.000016,0.000053,0.001113,0.000074
1510,0.000003,0.000017,0.000057,0.001199,0.000071
1520,0.000003,0.000015,0.000050,0.001068,0.000070
1530,0.000003,0.000015,0.000051,0.001087,0.000071
1540,0.000003,0.000015,0.000051,0.001140,0.000072
1550,0.000003,0.000015,0.000051,0.001133,0.000074
1560,0.000003,0.000016,0.000052,0.001120,0.000074
1570,0.000003,0.000016,0.000052,0.001134,0.000074
1580,0.000003,0.000019,0.000053,0.001149,0.000073
1590,0.000003,0.000015,0.000052,0.001165,0.000075
1600,0.000003,0.000016,0.000053,0.001178,0.000075
1610,0.000003,0.000020,0.000053,0.001130,0.000075
1620,0.000003,0.000016,0.000053,0.001220,0.000076
1630,0.000003,0.000016,0.000057,0.001287,0.000076
1640,0.000003,0.000018,0.000058,0.001287,0.000077
1650,0.000003,0.000017,0.000054,0.001259,0.000086
1660,0.000003,0.000018,0.000059,0.001274,0.000078
1670,0.000003,0.000017,0.000055,0.001353,0.000087
1680,0.000004,0.000017,0.000059,0.001395,0.000085
1690,0.000003,0.000018,0.000059,0.001413,0.000080
1700,0.000003,0.000018,0.000060,0.001376,0.000079
1710,0.000003,0.000017,0.000056,0.001373,0.000083
1720,0.000003,0.000019,0.000059,0.001406,0.000080
1730,0.000003,0.000018,0.000062,0.001412,0.000087
1740,0.000003,0.000019,0.000062,0.001484,0.000088
1750,0.000004,0.000019,0.000060,0.001433,0.000087
1760,0.000004,0.000018,0.000062,0.001493,0.000082
1770,0.000003,0.000019,0.000062,0.001518,0.000090
1780,0.000004,0.000019,0.000064,0.001548,0.000093
1790,0.000004,0.000019,0.000063,0.001582,0.000089
1800,0.000003,0.000020,0.000064,0.001588,0.000086
1810,0.000004,0.000018,0.000060,0.001540,0.000085
1820,0.000003,0.000019,0.000060,0.001522,0.000088
1830,0.000003,0.000018,0.000060,0.001544,0.000086
1840,0.000004,0.000018,0.000061,0.001591,0.000088
1850,0.000003,0.000019,0.000061,0.001594,0.000087
1860,0.000004,0.000019,0.000061,0.001626,0.000092
1870,0.000003,0.000019,0.000066,0.001616,0.000093
1880,0.000003,0.000018,0.000066,0.001629,0.000088
1890,0.000003,0.000018,0.000063,0.001665,0.000094
1900,0.000004,0.000021,0.000065,0.001713,0.000096
1910,0.000004,0.000021,0.000067,0.001701,0.000090
1920,0.000004,0.000018,0.000063,0.001654,0.000090
1930,0.000003,0.000019,0.000064,0.001667,0.000086
1940,0.000003,0.000018,0.000060,0.001691,0.000094
1950,0.000003,0.000018,0.000064,0.001739,0.000097
1960,0.000004,0.000022,0.000065,0.001678,0.000087
1970,0.000004,0.000019,0.000065,0.001688,0.000088
1980,0.000004,0.000020,0.000065,0.001817,0.000095
1990,0.000005,0.000021,0.000073,0.001786,0.000094
2000,0.000004,0.000020,0.000069,0.001745,0.000089
2010,0.000003,0.000020,0.000066,0.001862,0.000090
2020,0.000004,0.000020,0.000069,0.001861,0.000091
2030,0.000004,0.000020,0.000067,0.001829,0.000095
2040,0.000004,0.000021,0.000072,0.001897,0.000100
2050,0.000004,0.000021,0.000069,0.001958,0.000090
2060,0.000004,0.000021,0.000070,0.001971,0.000091
2070,0.000004,0.000021,0.000068,0.001953,0.000106
2080,0.000004,0.000023,0.000073,0.002037,0.000099
2090,0.000006,0.000022,0.000072,0.002056,0.000101
2100,0.000004,0.000022,0.000075,0.002059,0.000095
2110,0.000004,0.000021,0.000070,0.001991,0.000102
2120,0.000004,0.000021,0.000074,0.002066,0.000106
2130,0.000005,0.000021,0.000075,0.001978,0.000103
2140,0.000004,0.000022,0.000070,0.002103,0.000103
2150,0.000005,0.000021,0.000071,0.002105,0.000106
2160,0.000004,0.000021,0.000078,0.002038,0.000104
2170,0.000004,0.000022,0.000072,0.002169,0.000105
2180,0.000005,0.000023,0.000077,0.002239,0.000112
2190,0.000004,0.000024,0.000075,0.002223,0.000106
2200,0.000005,0.000022,0.000072,0.002209,0.000106
2210,0.000004,0.000024,0.000075,0.002257,0.000100
2220,0.000004,0.000021,0.000068,0.002201,0.000107
2230,0.000005,0.000022,0.000077,0.002288,0.000101
2240,0.000004,0.000021,0.000072,0.002249,0.000102
2250,0.000004,0.000021,0.000074,0.002285,0.000108
2260,0.000004,0.000023,0.000079,0.002323,0.000103
2270,0.000004,0.000022,0.000075,0.002282,0.000110
2280,0.000005,0.000023,0.000075,0.002385,0.000118
2290,0.000004,0.000023,0.000076,0.002494,0.000166
2300,0.000005,0.000023,0.000079,0.002484,0.000168
2310,0.000005,0.000023,0.000080,0.002996,0.000177
2320,0.000009,0.000026,0.000085,0.003940,0.000115
2330,0.000005,0.000023,0.000076,0.002529,0.000122
2340,0.000004,0.000022,0.000072,0.002358,0.000109
2350,0.000004,0.000022,0.000073,0.002487,0.000114
2360,0.000004,0.000024,0.000078,0.002462,0.000114
2370,0.000004,0.000022,0.000073,0.002512,0.000111
2380,0.000004,0.000025,0.000077,0.002526,0.000108
2390,0.000005,0.000024,0.000079,0.002473,0.000109
2400,0.000005,0.000022,0.000074,0.002528,0.000125
2410,0.000004,0.000024,0.000079,0.002529,0.000109
2420,0.000004,0.000023,0.000078,0.002543,0.000116
2430,0.000005,0.000026,0.000083,0.002680,0.000111
2440,0.000004,0.000023,0.000075,0.002620,0.000121
2450,0.000004,0.000024,0.000081,0.002726,0.000111
2460,0.000005,0.000023,0.000076,0.002658,0.000114
2470,0.000004,0.000024,0.000081,0.002700,0.000120
2480,0.000005,0.000024,0.000081,0.002800,0.000121
2490,0.000005,0.000025,0.000082,0.002748,0.000120
2500,0.000004,0.000025,0.000077,0.002844,0.000113
2510,0.000004,0.000025,0.000083,0.002813,0.000122
2520,0.000005,0.000027,0.000085,0.002945,0.000123
2530,0.000005,0.000026,0.000090,0.002882,0.000122
2540,0.000005,0.000025,0.000079,0.002864,0.000122
2550,0.000005,0.000025,0.000082,0.002873,0.000115
2560,0.000004,0.000024,0.000079,0.002897,0.000123
2570,0.000005,0.000026,0.000085,0.002868,0.000117
2580,0.000005,0.000024,0.000080,0.002907,0.000118
2590,0.000005,0.000024,0.000082,0.002930,0.000121
2600,0.000004,0.000024,0.000080,0.002923,0.000126
2610,0.000005,0.000024,0.000081,0.002993,0.000120
2620,0.000005,0.000024,0.000082,0.002987,0.000125
2630,0.000005,0.000024,0.000082,0.003147,0.000129
2640,0.000005,0.000026,0.000088,0.003080,0.000122
2650,0.000005,0.000025,0.000082,0.003196,0.000133
2660,0.000006,0.000028,0.000094,0.003080,0.000126
2670,0.000005,0.000025,0.000082,0.003185,0.000122
2680,0.000005,0.000025,0.000083,0.003150,0.000127
2690,0.000005,0.000025,0.000083,0.003221,0.000123
2700,0.000004,0.000026,0.000085,0.003191,0.000131
2710,0.000005,0.000025,0.000084,0.003322,0.000134
2720,0.000005,0.000027,0.000090,0.003431,0.000135
2730,0.000005,0.000027,0.000090,0.003259,0.000137
2740,0.000005,0.000029,0.000094,0.003397,0.000126
2750,0.000005,0.000028,0.000091,0.003470,0.000127
2760,0.000005,0.000027,0.000091,0.003519,0.000136
2770,0.000005,0.000027,0.000091,0.003529,0.000136
2780,0.000005,0.000028,0.000092,0.003566,0.000142
2790,0.000006,0.000030,0.000097,0.003608,0.000138
2800,0.000005,0.000031,0.000092,0.003695,0.000148
2810,0.000005,0.000030,0.000098,0.003622,0.000139
2820,0.000005,0.000028,0.000098,0.003726,0.000137
2830,0.000005,0.000031,0.000093,0.003552,0.000141
2840,0.000005,0.000028,0.000094,0.003764,0.000141
2850,0.000006,0.000031,0.000103,0.003841,0.000154
2860,0.000005,0.000030,0.000101,0.003873,0.000141
2870,0.000005,0.000029,0.000094,0.003879,0.000142
2880,0.000005,0.000029,0.000095,0.003833,0.000142
2890,0.000006,0.000029,0.000101,0.003891,0.000143
2900,0.000005,0.000029,0.000096,0.003897,0.000153
2910,0.000006,0.000029,0.000096,0.003889,0.000153
2920,0.000006,0.000029,0.000096,0.003957,0.000145
2930,0.000006,0.000029,0.000097,0.003795,0.000136
2940,0.000005,0.000028,0.000091,0.003999,0.000146
2950,0.000006,0.000032,0.000107,0.003903,0.000157
2960,0.000005,0.000030,0.000097,0.003903,0.000137
2970,0.000005,0.000028,0.000099,0.003926,0.000138
2980,0.000006,0.000029,0.000098,0.003939,0.000137
2990,0.000006,0.000030,0.000098,0.003998,0.000147
3000,0.000006,0.000030,0.000093,0.003985,0.000138
3010,0.000005,0.000028,0.000093,0.003915,0.000139
3020,0.000005,0.000028,0.000094,0.004032,0.000140
3030,0.000006,0.000030,0.000099,0.004018,0.000153
3040,0.000005,0.000030,0.000101,0.004122,0.000141
3050,0.000005,0.000028,0.000096,0.004125,0.000150
3060,0.000006,0.000031,0.000100,0.004140,0.000152
3070,0.000006,0.000033,0.000108,0.004176,0.000151
3080,0.000005,0.000028,0.000097,0.004296,0.000143
3090,0.000005,0.000029,0.000101,0.004214,0.000152
3100,0.000006,0.000033,0.000109,0.004287,0.000144
3110,0.000006,0.000029,0.000102,0.004426,0.000145
3120,0.000006,0.000030,0.000103,0.004313,0.000147
3130,0.000005,0.000031,0.000103,0.004426,0.000149
3140,0.000006,0.000031,0.000100,0.004475,0.000147
3150,0.000006,0.000031,0.000107,0.004466,0.000157
3160,0.000006,0.000034,0.000104,0.004474,0.000148
3170,0.000006,0.000031,0.000104,0.004587,0.000151
3180,0.000006,0.000032,0.000104,0.004498,0.000167
3190,0.000006,0.000031,0.000109,0.004505,0.000155
3200,0.000006,0.000032,0.000104,0.004576,0.000148
3210,0.000005,0.000032,0.000110,0.004580,0.000149
3220,0.000005,0.000030,0.000113,0.004591,0.000150
3230,0.000006,0.000032,0.000109,0.004583,0.000151
3240,0.000006,0.000031,0.000106,0.004652,0.000152
3250,0.000006,0.000032,0.000107,0.004663,0.000169
3260,0.000006,0.000032,0.000115,0.004734,0.000164
3270,0.000006,0.000032,0.000110,0.004822,0.000157
3280,0.000006,0.000032,0.000108,0.004886,0.000163
3290,0.000006,0.000033,0.000113,0.004901,0.000158
3300,0.000006,0.000031,0.000109,0.004812,0.000163
3310,0.000007,0.000033,0.000109,0.004851,0.000154
3320,0.000005,0.000030,0.000106,0.004925,0.000165
3330,0.000006,0.000033,0.000114,0.004973,0.000167
3340,0.000006,0.000033,0.000115,0.004994,0.000167
3350,0.000006,0.000033,0.000113,0.005054,0.000162
3360,0.000006,0.000031,0.000110,0.005262,0.000167
3370,0.000007,0.000033,0.000115,0.005280,0.000169
3380,0.000007,0.000034,0.000111,0.005296,0.000177
3390,0.000007,0.000036,0.000120,0.005288,0.000170
3400,0.000006,0.000034,0.000115,0.005364,0.000171
3410,0.000006,0.000034,0.000112,0.005419,0.000172
3420,0.000006,0.000034,0.000112,0.005414,0.000174
3430,0.000007,0.000034,0.000113,0.005544,0.000177
3440,0.000006,0.000034,0.000113,0.005532,0.000172
3450,0.000006,0.000034,0.000114,0.005532,0.000182
3460,0.000007,0.000037,0.000118,0.005512,0.000172
3470,0.000007,0.000034,0.000122,0.005570,0.000173
3480,0.000006,0.000035,0.000119,0.005465,0.000174
3490,0.000007,0.000035,0.000115,0.005479,0.000172
3500,0.000007,0.000036,0.000115,0.005439,0.000170
3510,0.000006,0.000034,0.000116,0.005512,0.000190
3520,0.000007,0.000037,0.000119,0.005538,0.000170
3530,0.000007,0.000037,0.000123,0.005708,0.000178
3540,0.000007,0.000038,0.000122,0.005767,0.000180
3550,0.000006,0.000035,0.000115,0.005888,0.000176
3560,0.000006,0.000035,0.000117,0.005982,0.000178
3570,0.000006,0.000036,0.000127,0.005954,0.000178
3580,0.000006,0.000036,0.000118,0.005902,0.000168
3590,0.000006,0.000033,0.000110,0.005845,0.000168
3600,0.000006,0.000034,0.000111,0.005795,0.000191
3610,0.000007,0.000036,0.000122,0.005791,0.000196
3620,0.000008,0.000038,0.000127,0.005854,0.000172
3630,0.000007,0.000036,0.000128,0.006270,0.000192
3640,0.000007,0.000036,0.000120,0.006245,0.000183
3650,0.000007,0.000036,0.000121,0.006446,0.000183
3660,0.000007,0.000036,0.000121,0.006412,0.000184
3670,0.000006,0.000036,0.000121,0.006415,0.000184
3680,0.000006,0.000036,0.000121,0.006332,0.000186
3690,0.000007,0.000039,0.000122,0.006370,0.000188
3700,0.000007,0.000036,0.000122,0.006368,0.000187
3710,0.000007,0.000037,0.000122,0.006429,0.000188
3720,0.000007,0.000037,0.000123,0.006520,0.000197
3730,0.000007,0.000037,0.000123,0.006435,0.000190
3740,0.000007,0.000037,0.000123,0.006458,0.000188
3750,0.000007,0.000041,0.000124,0.006533,0.000190
3760,0.000007,0.000037,0.000125,0.006570,0.000190
3770,0.000007,0.000037,0.000126,0.006580,0.000190
3780,0.000007,0.000037,0.000126,0.006581,0.000190
3790,0.000007,0.000037,0.000128,0.006639,0.000191
3800,0.000008,0.000037,0.000127,0.006706,0.000196
3810,0.000007,0.000038,0.000126,0.006816,0.000191
3820,0.000007,0.000038,0.000126,0.006854,0.000192
3830,0.000007,0.000038,0.000135,0.006914,0.000192
3840,0.000007,0.000040,0.000138,0.006848,0.000199
3850,0.000008,0.000041,0.000137,0.006846,0.000194
3860,0.000007,0.000038,0.000130,0.006949,0.000205
3870,0.000007,0.000041,0.000140,0.006963,0.000206
3880,0.000007,0.000041,0.000137,0.007090,0.000208
3890,0.000008,0.000042,0.000137,0.007060,0.000197
3900,0.000007,0.000039,0.000129,0.007065,0.000198
3910,0.000008,0.000038,0.000129,0.007123,0.000197
3920,0.000008,0.000039,0.000129,0.007179,0.000198
3930,0.000007,0.000039,0.000134,0.007228,0.000199
3940,0.000007,0.000040,0.000129,0.007248,0.000211
3950,0.000007,0.000040,0.000130,0.007090,0.000186
3960,0.000007,0.000039,0.000130,0.007024,0.000207
3970,0.000007,0.000040,0.000133,0.007434,0.000204
3980,0.000008,0.000043,0.000140,0.007440,0.000207
3990,0.000008,0.000046,0.000134,0.007436,0.000201
4000,0.000007,0.000040,0.000135,0.007325,0.000198
4010,0.000007,0.000038,0.000132,0.007345,0.000192
4020,0.000007,0.000039,0.000132,0.007316,0.000192
4030,0.000008,0.000040,0.000133,0.007382,0.000191
4040,0.000008,0.000039,0.000136,0.007330,0.000191
4050,0.000007,0.000039,0.000134,0.007476,0.000202
4060,0.000008,0.000040,0.000133,0.007478,0.000208
4070,0.000008,0.000044,0.000142,0.007533,0.000205
4080,0.000007,0.000041,0.000134,0.007461,0.000200
4090,0.000007,0.000038,0.000133,0.007450,0.000205
4100,0.000008,0.000040,0.000135,0.007449,0.000198
4110,0.000008,0.000040,0.000133,0.007449,0.000192
4120,0.000007,0.000040,0.000135,0.007554,0.000194
4130,0.000008,0.000039,0.000136,0.007904,0.000217
4140,0.000007,0.000041,0.000144,0.007622,0.000196
4150,0.000008,0.000038,0.000128,0.007573,0.000196
4160,0.000007,0.000038,0.000129,0.007693,0.000196
4170,0.000007,0.000039,0.000129,0.007874,0.000212
4180,0.000008,0.000041,0.000140,0.008045,0.000214
4190,0.000008,0.000042,0.000138,0.007836,0.000201
4200,0.000008,0.000039,0.000129,0.007759,0.000200
4210,0.000007,0.000039,0.000130,0.008008,0.000214
4220,0.000008,0.000042,0.000137,0.007875,0.000201
4230,0.000007,0.000041,0.000139,0.008083,0.000236
4240,0.000009,0.000045,0.000150,0.008176,0.000216
4250,0.000008,0.000043,0.000140,0.008385,0.000217
4260,0.000008,0.000043,0.000140,0.008328,0.000217
4270,0.000008,0.000044,0.000151,0.008507,0.000229
4280,0.000009,0.000046,0.000151,0.008596,0.000219
4290,0.000009,0.000045,0.000151,0.008465,0.000217
4300,0.000008,0.000043,0.000142,0.008575,0.000225
4310,0.000008,0.000045,0.000145,0.008270,0.000219
4320,0.000007,0.000041,0.000142,0.008234,0.000207
4330,0.000007,0.000041,0.000139,0.008315,0.000206
4340,0.000008,0.000043,0.000143,0.008443,0.000216
4350,0.000009,0.000043,0.000143,0.008696,0.000206
4360,0.000007,0.000041,0.000134,0.008483,0.000209
4370,0.000008,0.000041,0.000134,0.008500,0.000210
4380,0.000008,0.000041,0.000135,0.008602,0.000210
4390,0.000008,0.000043,0.000144,0.008587,0.000210
4400,0.000007,0.000041,0.000136,0.008858,0.000225
4410,0.000008,0.000044,0.000148,0.008876,0.000217
4420,0.000007,0.000043,0.000145,0.008696,0.000213
4430,0.000008,0.000044,0.000145,0.008787,0.000225
4440,0.000009,0.000044,0.000146,0.008822,0.000216
4450,0.000009,0.000044,0.000140,0.008716,0.000223
4460,0.000008,0.000041,0.000138,0.008795,0.000228
4470,0.000008,0.000043,0.000138,0.008957,0.000213
4480,0.000008,0.000047,0.000148,0.009060,0.000215
4490,0.000007,0.000041,0.000139,0.009383,0.000239
4500,0.000008,0.000045,0.000148,0.009417,0.000244
4510,0.000008,0.000045,0.000148,0.009310,0.000232
4520,0.000009,0.000048,0.000159,0.009110,0.000219
4530,0.000008,0.000045,0.000149,0.009261,0.000234
4540,0.000008,0.000045,0.000149,0.009162,0.000236
4550,0.000009,0.000046,0.000152,0.010102,0.000268
4560,0.000009,0.000049,0.000161,0.010251,0.000258
4570,0.000009,0.000049,0.000161,0.010219,0.000229
4580,0.000008,0.000046,0.000148,0.009395,0.000260
4590,0.000009,0.000049,0.000163,0.009940,0.000222
4600,0.000008,0.000046,0.000152,0.009467,0.000236
4610,0.000008,0.000048,0.000163,0.009422,0.000221
4620,0.000008,0.000043,0.000143,0.009559,0.000235
4630,0.000008,0.000045,0.000151,0.009445,0.000222
4640,0.000008,0.000043,0.000143,0.009361,0.000222
4650,0.000008,0.000043,0.000143,0.009590,0.000239
4660,0.000008,0.000044,0.000143,0.009809,0.000239
4670,0.000009,0.000047,0.000164,0.009867,0.000239
4680,0.000009,0.000047,0.000157,0.009694,0.000233
4690,0.000009,0.000046,0.000155,0.010067,0.000244
4700,0.000009,0.000047,0.000159,0.010234,0.000242
4710,0.000008,0.000047,0.000155,0.010346,0.000242
4720,0.000009,0.000047,0.000159,0.010450,0.000253
4730,0.000009,0.000051,0.000166,0.010397,0.000244
4740,0.000011,0.000047,0.000168,0.010188,0.000241
4750,0.000009,0.000049,0.000158,0.010272,0.000244
4760,0.000010,0.000051,0.000168,0.010820,0.000261
4770,0.000010,0.000050,0.000167,0.010625,0.000263
4780,0.000009,0.000051,0.000169,0.010669,0.000245
4790,0.000009,0.000050,0.000170,0.010607,0.000257
4800,0.000009,0.000048,0.000172,0.010644,0.000247
4810,0.000009,0.000050,0.000158,0.010749,0.000251
4820,0.000009,0.000048,0.000159,0.010423,0.000249
4830,0.000009,0.000048,0.000164,0.010355,0.000236
4840,0.000009,0.000048,0.000158,0.010514,0.000251
4850,0.000010,0.000051,0.000166,0.010487,0.000241
4860,0.000009,0.000049,0.000150,0.010586,0.000248
4870,0.000009,0.000045,0.000156,0.010298,0.000234
4880,0.000008,0.000045,0.000151,0.010465,0.000236
4890,0.000009,0.000045,0.000150,0.010516,0.000236
4900,0.000009,0.000049,0.000159,0.010761,0.000248
4910,0.000010,0.000048,0.000160,0.011034,0.000269
4920,0.000009,0.000048,0.000173,0.011248,0.000272
4930,0.000010,0.000052,0.000174,0.011191,0.000240
4940,0.000009,0.000046,0.000152,0.010654,0.000237
4950,0.000008,0.000046,0.000156,0.010640,0.000237
4960,0.000008,0.000046,0.000153,0.010992,0.000242
4970,0.000009,0.000050,0.000159,0.010858,0.000273
4980,0.000010,0.000053,0.000175,0.011017,0.000251
4990,0.000009,0.000049,0.000164,0.010897,0.000258
5000,0.000011,0.000046,0.000154,0.010980,0.000248
5010,0.000010,0.000049,0.000166,0.011526,0.000261
5020,0.000009,0.000049,0.000166,0.010990,0.000245
5030,0.000009,0.000050,0.000155,0.011071,0.000261
5040,0.000010,0.000053,0.000178,0.011662,0.000243
5050,0.000009,0.000050,0.000162,0.011643,0.000241
5060,0.000009,0.000050,0.000167,0.011487,0.000261
5070,0.000009,0.000050,0.000169,0.011912,0.000274
5080,0.000010,0.000050,0.000167,0.011792,0.000261
5090,0.000009,0.000051,0.000167,0.011583,0.000243
5100,0.000009,0.000050,0.000168,0.012138,0.000261
5110,0.000009,0.000051,0.000168,0.011860,0.000258
5120,0.000009,0.000051,0.000172,0.011632,0.000264
5130,0.000010,0.000055,0.000181,0.011599,0.000259
5140,0.000009,0.000048,0.000158,0.011802,0.000249
5150,0.000009,0.000048,0.000159,0.011740,0.000249
5160,0.000009,0.000048,0.000162,0.011722,0.000270
5170,0.000010,0.000055,0.000169,0.011804,0.000269
5180,0.000010,0.000050,0.000160,0.011951,0.000251
5190,0.000009,0.000050,0.000171,0.012216,0.000268
5200,0.000010,0.000052,0.000171,0.012550,0.000270
5210,0.000009,0.000051,0.000179,0.012801,0.000287
5220,0.000009,0.000052,0.000172,0.012772,0.000271
5230,0.000009,0.000051,0.000173,0.012648,0.000289
5240,0.000010,0.000056,0.000181,0.012625,0.000272
5250,0.000011,0.000055,0.000178,0.012176,0.000271
5260,0.000010,0.000052,0.000179,0.012656,0.000272
5270,0.000011,0.000056,0.000181,0.012911,0.000273
5280,0.000010,0.000053,0.000174,0.012789,0.000276
5290,0.000010,0.000053,0.000177,0.012763,0.000268
5300,0.000010,0.000053,0.000168,0.012554,0.000270
5310,0.000010,0.000052,0.000170,0.012611,0.000259
5320,0.000009,0.000052,0.000171,0.012635,0.000259
5330,0.000010,0.000053,0.000176,0.012584,0.000263
5340,0.000010,0.000053,0.000179,0.012500,0.000286
5350,0.000010,0.000057,0.000177,0.012684,0.000272
5360,0.000010,0.000057,0.000185,0.012754,0.000262
5370,0.000010,0.000053,0.000177,0.012776,0.000264
5380,0.000010,0.000050,0.000174,0.012934,0.000269
5390,0.000009,0.000050,0.000166,0.012972,0.000261
5400,0.000009,0.000050,0.000177,0.013201,0.000281
5410,0.000010,0.000053,0.000178,0.013483,0.000285
5420,0.000010,0.000054,0.000180,0.013565,0.000285
5430,0.000010,0.000057,0.000179,0.013605,0.000287
5440,0.000010,0.000054,0.000179,0.013663,0.000285
5450,0.000011,0.000054,0.000183,0.013423,0.000267
5460,0.000010,0.000054,0.000180,0.013736,0.000286
5470,0.000011,0.000058,0.000196,0.013945,0.000309
5480,0.000011,0.000057,0.000188,0.013244,0.000302
5490,0.000011,0.000056,0.000181,0.013375,0.000301
5500,0.000010,0.000055,0.000181,0.013362,0.000289
5510,0.000010,0.000055,0.000175,0.013458,0.000291
5520,0.000010,0.000055,0.000174,0.013737,0.000295
5530,0.000010,0.000055,0.000182,0.013695,0.000272
5540,0.000010,0.000054,0.000184,0.013822,0.000288
5550,0.000010,0.000055,0.000176,0.013956,0.000270
5560,0.000011,0.000055,0.000191,0.014206,0.000291
5570,0.000011,0.000056,0.000194,0.014009,0.000299
5580,0.000011,0.000055,0.000184,0.014181,0.000300
5590,0.000011,0.000059,0.000190,0.014430,0.000299
5600,0.000011,0.000055,0.000185,0.014181,0.000278
5610,0.000010,0.000058,0.000191,0.014595,0.000301
5620,0.000011,0.000056,0.000183,0.014114,0.000280
5630,0.000010,0.000056,0.000188,0.014272,0.000276
5640,0.000011,0.000056,0.000188,0.014493,0.000276
5650,0.000010,0.000056,0.000195,0.014415,0.000297
5660,0.000011,0.000059,0.000195,0.014299,0.000277
5670,0.000010,0.000057,0.000192,0.014757,0.000298
5680,0.000011,0.000056,0.000195,0.014429,0.000289
5690,0.000010,0.000057,0.000186,0.014402,0.000290
5700,0.000010,0.000057,0.000180,0.014412,0.000280
5710,0.000010,0.000057,0.000185,0.014512,0.000303
5720,0.000010,0.000056,0.000187,0.014469,0.000307
5730,0.000011,0.000056,0.000188,0.014332,0.000288
5740,0.000010,0.000053,0.000188,0.014424,0.000289
5750,0.000010,0.000053,0.000189,0.014650,0.000288
5760,0.000011,0.000057,0.000199,0.014709,0.000289
5770,0.000011,0.000057,0.000191,0.014626,0.000295
5780,0.000010,0.000055,0.000190,0.014686,0.000282
5790,0.000010,0.000054,0.000187,0.015437,0.000303
5800,0.000011,0.000060,0.000204,0.014997,0.000299
5810,0.000011,0.000058,0.000188,0.014683,0.000285
5820,0.000010,0.000053,0.000179,0.014658,0.000284
5830,0.000010,0.000054,0.000189,0.014719,0.000297
5840,0.000010,0.000055,0.000180,0.015134,0.000286
5850,0.000011,0.000057,0.000189,0.015488,0.000296
5860,0.000011,0.000058,0.000188,0.015288,0.000326
5870,0.000011,0.000062,0.000198,0.015914,0.000307
5880,0.000011,0.000058,0.000194,0.016037,0.000298
5890,0.000010,0.000055,0.000182,0.015900,0.000307
5900,0.000011,0.000058,0.000198,0.016275,0.000310
5910,0.000011,0.000059,0.000195,0.015857,0.000302
5920,0.000010,0.000055,0.000189,0.015323,0.000293
5930,0.000011,0.000055,0.000183,0.015366,0.000291
5940,0.000010,0.000055,0.000195,0.015711,0.000301
5950,0.000010,0.000056,0.000199,0.015729,0.000291
5960,0.000010,0.000055,0.000190,0.015634,0.000294
5970,0.000010,0.000056,0.000196,0.015581,0.000294
5980,0.000010,0.000058,0.000193,0.015719,0.000294
5990,0.000010,0.000056,0.000188,0.015737,0.000295
6000,0.000011,0.000062,0.000201,0.016011,0.000296
6010,0.000011,0.000059,0.000197,0.015987,0.000306
6020,0.000011,0.000060,0.000198,0.016351,0.000300
6030,0.000011,0.000060,0.000192,0.015979,0.000296
6040,0.000010,0.000056,0.000202,0.016814,0.000326
6050,0.000011,0.000056,0.000197,0.016147,0.000302
6060,0.000012,0.000056,0.000199,0.016167,0.000304
6070,0.000011,0.000066,0.000210,0.016165,0.000297
6080,0.000011,0.000056,0.000189,0.016514,0.000318
6090,0.000012,0.000065,0.000210,0.016515,0.000300
6100,0.000011,0.000057,0.000188,0.016205,0.000319
6110,0.000012,0.000067,0.000213,0.016490,0.000301
6120,0.000011,0.000057,0.000192,0.016886,0.000322
6130,0.000012,0.000060,0.000201,0.017009,0.000310
6140,0.000012,0.000061,0.000205,0.017188,0.000299
6150,0.000011,0.000060,0.000191,0.016670,0.000307
6160,0.000011,0.000057,0.000190,0.016758,0.000302
6170,0.000011,0.000061,0.000194,0.016663,0.000312
6180,0.000010,0.000057,0.000190,0.016638,0.000307
6190,0.000011,0.000060,0.000190,0.016777,0.000319
6200,0.000011,0.000064,0.000192,0.016836,0.000305
6210,0.000011,0.000062,0.000195,0.016835,0.000302
6220,0.000011,0.000058,0.000196,0.016841,0.000319
6230,0.000011,0.000060,0.000194,0.017426,0.000334
6240,0.000012,0.000062,0.000205,0.017749,0.000324
6250,0.000011,0.000066,0.000197,0.017039,0.000309
6260,0.000010,0.000058,0.000193,0.017280,0.000325
6270,0.000013,0.000064,0.000216,0.017274,0.000310
6280,0.000012,0.000062,0.000207,0.017253,0.000308
6290,0.000011,0.000058,0.000194,0.017242,0.000330
6300,0.000011,0.000063,0.000207,0.017355,0.000323
6310,0.000011,0.000059,0.000208,0.017299,0.000322
6320,0.000010,0.000058,0.000195,0.017344,0.000322
6330,0.000012,0.000063,0.000208,0.017907,0.000311
6340,0.000011,0.000066,0.000208,0.017692,0.000317
6350,0.000011,0.000059,0.000199,0.017627,0.000314
6360,0.000011,0.000060,0.000208,0.019092,0.000359
6370,0.000013,0.000067,0.000225,0.019244,0.000345
6380,0.000013,0.000069,0.000219,0.018492,0.000332
6390,0.000013,0.000068,0.000225,0.018090,0.000334
6400,0.000011,0.000063,0.000205,0.017905,0.000316
6410,0.000011,0.000063,0.000209,0.017900,0.000320
6420,0.000012,0.000064,0.000202,0.017905,0.000329
6430,0.000012,0.000061,0.000199,0.018295,0.000320
6440,0.000012,0.000064,0.000205,0.018288,0.000321
6450,0.000012,0.000064,0.000208,0.018403,0.000320
6460,0.000012,0.000064,0.000207,0.018569,0.000337
6470,0.000012,0.000060,0.000199,0.018332,0.000327
6480,0.000012,0.000064,0.000214,0.018677,0.000321
6490,0.000011,0.000060,0.000201,0.018413,0.000320
6500,0.000012,0.000064,0.000215,0.018911,0.000358
6510,0.000013,0.000066,0.000215,0.018854,0.000324
6520,0.000012,0.000065,0.000214,0.019077,0.000322
6530,0.000012,0.000064,0.000221,0.019354,0.000322
6540,0.000011,0.000060,0.000215,0.018754,0.000332
6550,0.000011,0.000060,0.000213,0.018942,0.000325
6560,0.000011,0.000065,0.000204,0.018846,0.000325
6570,0.000012,0.000065,0.000216,0.019131,0.000336
6580,0.000012,0.000066,0.000209,0.018919,0.000325
6590,0.000012,0.000063,0.000211,0.018888,0.000326
6600,0.000011,0.000062,0.000203,0.019940,0.000531
6610,0.000025,0.000072,0.000241,0.038159,0.000473
6620,0.000025,0.000068,0.000232,0.025704,0.000338
6630,0.000012,0.000066,0.000218,0.019936,0.000353
6640,0.000013,0.000066,0.000220,0.019601,0.000332
6650,0.000012,0.000066,0.000212,0.019197,0.000330
6660,0.000011,0.000063,0.000205,0.019273,0.000330
6670,0.000011,0.000062,0.000208,0.019467,0.000327
6680,0.000012,0.000064,0.000208,0.019886,0.000335
6690,0.000012,0.000062,0.000217,0.020528,0.000334
6700,0.000013,0.000066,0.000223,0.019895,0.000341
6710,0.000012,0.000063,0.000221,0.019807,0.000333
6720,0.000012,0.000065,0.000210,0.019938,0.000332
6730,0.000012,0.000062,0.000208,0.020125,0.000345
6740,0.000013,0.000067,0.000222,0.020037,0.000352
6750,0.000011,0.000062,0.000208,0.019878,0.000333
6760,0.000012,0.000063,0.000210,0.020349,0.000335
6770,0.000011,0.000062,0.000215,0.020014,0.000334
6780,0.000012,0.000063,0.000209,0.020137,0.000336
6790,0.000012,0.000064,0.000219,0.020251,0.000353
6800,0.000012,0.000065,0.000223,0.020559,0.000338
6810,0.000012,0.000065,0.000226,0.020465,0.000338
6820,0.000011,0.000064,0.000227,0.021339,0.000384
6830,0.000014,0.000073,0.000241,0.021768,0.000366
6840,0.000012,0.000068,0.000225,0.020817,0.000354
6850,0.000013,0.000069,0.000226,0.020906,0.000362
6860,0.000012,0.000068,0.000225,0.021439,0.000362
6870,0.000013,0.000074,0.000224,0.021072,0.000341
6880,0.000013,0.000068,0.000222,0.020890,0.000342
6890,0.000013,0.000068,0.000218,0.020977,0.000354
6900,0.000013,0.000068,0.000227,0.020862,0.000348
6910,0.000013,0.000068,0.000229,0.021030,0.000361
6920,0.000020,0.000065,0.000224,0.020955,0.000349
6930,0.000013,0.000069,0.000224,0.021076,0.000343
6940,0.000014,0.000067,0.000220,0.020932,0.000345
6950,0.000012,0.000065,0.000214,0.021353,0.000345
6960,0.000012,0.000065,0.000217,0.021518,0.000358
6970,0.000013,0.000069,0.000223,0.022192,0.000346
6980,0.000012,0.000065,0.000228,0.021431,0.000347
6990,0.000013,0.000070,0.000216,0.021291,0.000348
7000,0.000013,0.000069,0.000216,0.021157,0.000348
7010,0.000012,0.000071,0.000222,0.022802,0.000354
7020,0.000013,0.000069,0.000231,0.022236,0.000372
7030,0.000013,0.000070,0.000231,0.021708,0.000348
7040,0.000012,0.000071,0.000228,0.021978,0.000349
7050,0.000013,0.000070,0.000234,0.022152,0.000349
7060,0.000012,0.000065,0.000217,0.022010,0.000351
7070,0.000013,0.000065,0.000218,0.021564,0.000350
7080,0.000012,0.000066,0.000218,0.021979,0.000379
7090,0.000013,0.000070,0.000250,0.022141,0.000355
7100,0.000013,0.000070,0.000226,0.021865,0.000350
7110,0.000012,0.000068,0.000233,0.022137,0.000351
7120,0.000012,0.000068,0.000237,0.022053,0.000354
7130,0.000013,0.000068,0.000224,0.022150,0.000375
7140,0.000014,0.000070,0.000235,0.022715,0.000351
7150,0.000012,0.000071,0.000232,0.022241,0.000356
7160,0.000013,0.000073,0.000228,0.022262,0.000353
7170,0.000013,0.000074,0.000232,0.022402,0.000365
7180,0.000014,0.000069,0.000226,0.022664,0.000380
7190,0.000013,0.000071,0.000237,0.022695,0.000364
7200,0.000013,0.000071,0.000233,0.022596,0.000363
7210,0.000013,0.000072,0.000237,0.023383,0.000358
7220,0.000013,0.000071,0.000247,0.023896,0.000384
7230,0.000014,0.000077,0.000248,0.023451,0.000375
7240,0.000014,0.000072,0.000238,0.023178,0.000367
7250,0.000014,0.000072,0.000238,0.023558,0.000361
7260,0.000014,0.000072,0.000246,0.023766,0.000371
7270,0.000014,0.000072,0.000239,0.023016,0.000362
7280,0.000014,0.000073,0.000245,0.023497,0.000386
7290,0.000014,0.000072,0.000240,0.023593,0.000360
7300,0.000012,0.000069,0.000246,0.023565,0.000369
7310,0.000012,0.000069,0.000239,0.024151,0.000404
7320,0.000014,0.000074,0.000245,0.023665,0.000362
7330,0.000013,0.000072,0.000234,0.023512,0.000362
7340,0.000013,0.000072,0.000236,0.023438,0.000368
7350,0.000014,0.000072,0.000234,0.023666,0.000370
7360,0.000012,0.000070,0.000238,0.023690,0.000366
7370,0.000013,0.000076,0.000240,0.024109,0.000367
7380,0.000013,0.000071,0.000241,0.023793,0.000375
7390,0.000013,0.000068,0.000241,0.023777,0.000366
7400,0.000013,0.000071,0.000233,0.023687,0.000369
7410,0.000013,0.000069,0.000231,0.023916,0.000370
7420,0.000013,0.000070,0.000235,0.024544,0.000368
7430,0.000014,0.000073,0.000241,0.024149,0.000393
7440,0.000013,0.000074,0.000245,0.024197,0.000378
7450,0.000013,0.000071,0.000246,0.024294,0.000378
7460,0.000013,0.000071,0.000245,0.024469,0.000372
7470,0.000013,0.000072,0.000247,0.024314,0.000373
7480,0.000014,0.000076,0.000244,0.024243,0.000384
7490,0.000014,0.000076,0.000235,0.024410,0.000379
7500,0.000016,0.000074,0.000234,0.026413,0.000435
7510,0.000014,0.000074,0.000248,0.025005,0.000385
7520,0.000015,0.000069,0.000234,0.024398,0.000382
7530,0.000014,0.000072,0.000239,0.024490,0.000378
7540,0.000013,0.000073,0.000252,0.024551,0.000374
7550,0.000014,0.000076,0.000238,0.024665,0.000383
7560,0.000014,0.000072,0.000244,0.024921,0.000388
7570,0.000014,0.000075,0.000249,0.024756,0.000374
7580,0.000013,0.000073,0.000251,0.025155,0.000394
7590,0.000016,0.000078,0.000261,0.025736,0.000393
7600,0.000015,0.000079,0.000250,0.025902,0.000381
7610,0.000014,0.000076,0.000248,0.025905,0.000405
7620,0.000015,0.000081,0.000265,0.026278,0.000377
7630,0.000014,0.000077,0.000246,0.026314,0.000384
7640,0.000014,0.000076,0.000245,0.025558,0.000391
7650,0.000013,0.000073,0.000242,0.025382,0.000380
7660,0.000015,0.000075,0.000252,0.025429,0.000378
7670,0.000014,0.000074,0.000245,0.025699,0.000383
7680,0.000015,0.000076,0.000253,0.025521,0.000382
7690,0.000014,0.000076,0.000255,0.026118,0.000385
7700,0.000014,0.000076,0.000267,0.025709,0.000384
7710,0.000013,0.000075,0.000250,0.025857,0.000384
7720,0.000013,0.000075,0.000252,0.026068,0.000383
7730,0.000013,0.000075,0.000255,0.026175,0.000384
7740,0.000013,0.000074,0.000257,0.026051,0.000385
7750,0.000013,0.000075,0.000251,0.026103,0.000386
7760,0.000013,0.000075,0.000249,0.026132,0.000407
7770,0.000014,0.000077,0.000245,0.026338,0.000390
7780,0.000014,0.000075,0.000255,0.026508,0.000388
7790,0.000014,0.000079,0.000241,0.026287,0.000390
7800,0.000014,0.000078,0.000243,0.026374,0.000397
7810,0.000015,0.000072,0.000241,0.026339,0.000389
7820,0.000014,0.000078,0.000257,0.026542,0.000391
7830,0.000014,0.000075,0.000257,0.026684,0.000399
7840,0.000015,0.000077,0.000245,0.026763,0.000402
7850,0.000014,0.000077,0.000251,0.026987,0.000393
7860,0.000013,0.000077,0.000255,0.027488,0.000391
7870,0.000013,0.000081,0.000254,0.027114,0.000393
7880,0.000013,0.000074,0.000246,0.026987,0.000391
7890,0.000013,0.000073,0.000252,0.026974,0.000395
7900,0.000014,0.000073,0.000253,0.026969,0.000402
7910,0.000015,0.000078,0.000261,0.026976,0.000398
7920,0.000015,0.000078,0.000254,0.027041,0.000393
7930,0.000014,0.000079,0.000248,0.027132,0.000392
7940,0.000015,0.000077,0.000250,0.027285,0.000395
7950,0.000015,0.000074,0.000251,0.027426,0.000395
7960,0.000014,0.000077,0.000262,0.028366,0.000396
7970,0.000013,0.000077,0.000262,0.027611,0.000397
7980,0.000014,0.000077,0.000255,0.028041,0.000425
7990,0.000016,0.000084,0.000260,0.028232,0.000395
8000,0.000015,0.000079,0.000257,0.027773,0.000400
8010,0.000014,0.000075,0.000252,0.027711,0.000397
8020,0.000014,0.000074,0.000253,0.027959,0.000399
8030,0.000014,0.000077,0.000251,0.027982,0.000396
8040,0.000014,0.000074,0.000253,0.028060,0.000397
8050,0.000014,0.000078,0.000267,0.028619,0.000400
8060,0.000014,0.000077,0.000261,0.028867,0.000399
8070,0.000014,0.000079,0.000254,0.029615,0.000444
8080,0.000015,0.000080,0.000266,0.028803,0.000401
8090,0.000016,0.000086,0.000262,0.029924,0.000458
8100,0.000016,0.000088,0.000286,0.031613,0.000467
8110,0.000016,0.000086,0.000286,0.029588,0.000435
8120,0.000017,0.000080,0.000267,0.028873,0.000400
8130,0.000015,0.000078,0.000264,0.029096,0.000400
8140,0.000015,0.000080,0.000268,0.029823,0.000405
8150,0.000014,0.000080,0.000262,0.028679,0.000402
8160,0.000014,0.000080,0.000255,0.028885,0.000402
8170,0.000014,0.000078,0.000264,0.029237,0.000402
8180,0.000015,0.000082,0.000310,0.029478,0.000408
8190,0.000014,0.000079,0.000261,0.029369,0.000414
8200,0.000016,0.000081,0.000270,0.029356,0.000407
8210,0.000014,0.000079,0.000272,0.029700,0.000421
8220,0.000015,0.000082,0.000255,0.029488,0.000409
8230,0.000014,0.000080,0.000271,0.029849,0.000421
8240,0.000014,0.000077,0.000260,0.029573,0.000408
8250,0.000014,0.000081,0.000274,0.029522,0.000410
8260,0.000016,0.000077,0.000262,0.029544,0.000423
8270,0.000014,0.000081,0.000272,0.029628,0.000412
8280,0.000014,0.000079,0.000259,0.029637,0.000420
8290,0.000014,0.000080,0.000273,0.029760,0.000421
8300,0.000015,0.000086,0.000278,0.029658,0.000412
8310,0.000014,0.000081,0.000275,0.029970,0.000416
8320,0.000015,0.000081,0.000274,0.029888,0.000426
8330,0.000015,0.000082,0.000274,0.030026,0.000417
8340,0.000014,0.000078,0.000263,0.030085,0.000416
8350,0.000014,0.000080,0.000262,0.030241,0.000427
8360,0.000015,0.000083,0.000275,0.030346,0.000418
8370,0.000015,0.000080,0.000262,0.030393,0.000421
8380,0.000014,0.000082,0.000269,0.031224,0.000417
8390,0.000014,0.000082,0.000262,0.030504,0.000423
8400,0.000016,0.000079,0.000265,0.030629,0.000420
8410,0.000015,0.000078,0.000261,0.030665,0.000422
8420,0.000016,0.000083,0.000278,0.045609,0.000436
8430,0.000016,0.000082,0.000271,0.031081,0.000425
8440,0.000014,0.000081,0.000265,0.030779,0.000422
8450,0.000014,0.000078,0.000274,0.031112,0.000423
8460,0.000015,0.000083,0.000280,0.031229,0.000421
8470,0.000015,0.000078,0.000270,0.031876,0.000425
8480,0.000014,0.000078,0.000278,0.031414,0.000425
8490,0.000015,0.000079,0.000267,0.031539,0.000426
8500,0.000015,0.000078,0.000261,0.031437,0.000436
8510,0.000015,0.000079,0.000274,0.031666,0.000430
8520,0.000016,0.000082,0.000262,0.031515,0.000425
8530,0.000015,0.000079,0.000263,0.031934,0.000459
8540,0.000015,0.000090,0.000298,0.035593,0.000489
8550,0.000017,0.000095,0.000302,0.035880,0.000492
8560,0.000017,0.000091,0.000304,0.034918,0.000490
8570,0.000017,0.000091,0.000305,0.034139,0.000455
8580,0.000016,0.000089,0.000282,0.032504,0.000439
8590,0.000015,0.000079,0.000265,0.032165,0.000430
8600,0.000015,0.000080,0.000265,0.032251,0.000435
8610,0.000015,0.000080,0.000265,0.032218,0.000430
8620,0.000015,0.000080,0.000267,0.032659,0.000434
8630,0.000014,0.000080,0.000266,0.033160,0.000443
8640,0.000015,0.000080,0.000266,0.032555,0.000446
8650,0.000015,0.000083,0.000273,0.033000,0.000445
8660,0.000016,0.000086,0.000288,0.033662,0.000460
8670,0.000015,0.000081,0.000267,0.033914,0.000438
8680,0.000016,0.000086,0.000286,0.033120,0.000440
8690,0.000017,0.000081,0.000267,0.032639,0.000434
8700,0.000016,0.000086,0.000287,0.032644,0.000436
8710,0.000015,0.000081,0.000269,0.032758,0.000436
8720,0.000016,0.000088,0.000268,0.033041,0.000435
8730,0.000015,0.000086,0.000283,0.033024,0.000438
8740,0.000015,0.000081,0.000272,0.033175,0.000440
8750,0.000015,0.000088,0.000285,0.034486,0.000482
8760,0.000016,0.000087,0.000288,0.033822,0.000442
8770,0.000016,0.000083,0.000270,0.033383,0.000454
8780,0.000016,0.000087,0.000289,0.033717,0.000445
8790,0.000015,0.000087,0.000283,0.033537,0.000444
8800,0.000016,0.000084,0.000277,0.033687,0.000441
8810,0.000015,0.000085,0.000277,0.034481,0.000442
8820,0.000016,0.000085,0.000283,0.033962,0.000450
8830,0.000015,0.000082,0.000272,0.034430,0.000470
8840,0.000016,0.000088,0.000283,0.034320,0.000442
8850,0.000016,0.000084,0.000273,0.034096,0.000442
8860,0.000015,0.000082,0.000273,0.034146,0.000445
8870,0.000016,0.000082,0.000273,0.034116,0.000454
8880,0.000026,0.000082,0.000274,0.034156,0.000454
8890,0.000015,0.000082,0.000288,0.035194,0.000456
8900,0.000015,0.000083,0.000274,0.034646,0.000449
8910,0.000016,0.000088,0.000275,0.034492,0.000450
8920,0.000017,0.000083,0.000276,0.034769,0.000452
8930,0.000026,0.000082,0.000275,0.034619,0.000452
8940,0.000015,0.000083,0.000277,0.035241,0.000447
8950,0.000015,0.000083,0.000278,0.034798,0.000449
8960,0.000015,0.000083,0.000276,0.034922,0.000464
8970,0.000015,0.000083,0.000277,0.034953,0.000460
8980,0.000015,0.000084,0.000276,0.035523,0.000451
8990,0.000016,0.000083,0.000282,0.035073,0.000453
9000,0.000015,0.000084,0.000282,0.035182,0.000455
9010,0.000015,0.000103,0.000278,0.035181,0.000453
9020,0.000016,0.000089,0.000278,0.035575,0.000460
9030,0.000015,0.000084,0.000292,0.035942,0.000455
9040,0.000016,0.000084,0.000293,0.035677,0.000454
9050,0.000016,0.000087,0.000279,0.035748,0.000458
9060,0.000016,0.000084,0.000281,0.036005,0.000452
9070,0.000016,0.000084,0.000292,0.035517,0.000455
9080,0.000016,0.000084,0.000280,0.036040,0.000454
9090,0.000016,0.000084,0.000280,0.035677,0.000454
9100,0.000016,0.000084,0.000285,0.036074,0.000458
9110,0.000016,0.000084,0.000283,0.035993,0.000456
9120,0.000016,0.000084,0.000291,0.035904,0.000455
9130,0.000016,0.000084,0.000285,0.036010,0.000458
9140,0.000016,0.000084,0.000283,0.036383,0.000460
9150,0.000016,0.000086,0.000283,0.036191,0.000462
9160,0.000016,0.000085,0.000282,0.036470,0.000464
9170,0.000016,0.000085,0.000283,0.036467,0.000460
9180,0.000015,0.000086,0.000283,0.036822,0.000464
9190,0.000016,0.000085,0.000300,0.036535,0.000463
9200,0.000016,0.000085,0.000283,0.036417,0.000460
9210,0.000016,0.000085,0.000300,0.036543,0.000463
9220,0.000016,0.000085,0.000284,0.036874,0.000463
9230,0.000016,0.000087,0.000284,0.037282,0.000470
9240,0.000016,0.000086,0.000284,0.036952,0.000465
9250,0.000017,0.000088,0.000286,0.037068,0.000466
9260,0.000032,0.000086,0.000286,0.037110,0.000463
9270,0.000016,0.000085,0.000285,0.037227,0.000481
9280,0.000016,0.000086,0.000286,0.037345,0.000465
9290,0.000016,0.000086,0.000298,0.037427,0.000472
9300,0.000017,0.000091,0.000287,0.037665,0.000465
9310,0.000016,0.000087,0.000303,0.037921,0.000474
9320,0.000016,0.000086,0.000304,0.037953,0.000470
9330,0.000016,0.000087,0.000287,0.038056,0.000471
9340,0.000016,0.000087,0.000309,0.038038,0.000470
9350,0.000016,0.000087,0.000305,0.037928,0.000472
9360,0.000017,0.000086,0.000289,0.038096,0.000479
9370,0.000016,0.000087,0.000306,0.037933,0.000477
9380,0.000016,0.000087,0.000289,0.037956,0.000472
9390,0.000016,0.000087,0.000289,0.038159,0.000472
9400,0.000018,0.000087,0.000295,0.038350,0.000471
9410,0.000016,0.000094,0.000290,0.038342,0.000472
9420,0.000017,0.000087,0.000291,0.038284,0.000474
9430,0.000016,0.000087,0.000291,0.038427,0.000482
9440,0.000018,0.000099,0.000291,0.039865,0.000487
9450,0.000016,0.000088,0.000309,0.039160,0.000488
9460,0.000017,0.000093,0.000296,0.038766,0.000487
9470,0.000016,0.000088,0.000309,0.038665,0.000485
9480,0.000016,0.000088,0.000310,0.038659,0.000480
9490,0.000016,0.000087,0.000292,0.039183,0.000484
9500,0.000017,0.000088,0.000293,0.038922,0.000487
9510,0.000017,0.000088,0.000293,0.039039,0.000478
9520,0.000016,0.000088,0.000293,0.039270,0.000481
9530,0.000017,0.000088,0.000294,0.039177,0.000477
9540,0.000016,0.000089,0.000312,0.039415,0.000480
9550,0.000018,0.000090,0.000295,0.039537,0.000487
9560,0.000016,0.000089,0.000315,0.039461,0.000484
9570,0.000017,0.000091,0.000295,0.039717,0.000485
9580,0.000016,0.000089,0.000305,0.039635,0.000484
9590,0.000017,0.000089,0.000296,0.039612,0.000480
9600,0.000017,0.000089,0.000296,0.039928,0.000482
9610,0.000016,0.000089,0.000296,0.040381,0.000497
9620,0.000016,0.000092,0.000314,0.040320,0.000480
9630,0.000017,0.000089,0.000307,0.040119,0.000486
9640,0.000017,0.000089,0.000308,0.040424,0.000496
9650,0.000016,0.000090,0.000297,0.040478,0.000487
9660,0.000016,0.000089,0.000316,0.040499,0.000489
9670,0.000017,0.000090,0.000298,0.040659,0.000482
9680,0.000016,0.000119,0.000306,0.040428,0.000497
9690,0.000017,0.000089,0.000317,0.040573,0.000485
9700,0.000017,0.000090,0.000299,0.040902,0.000487
9710,0.000016,0.000091,0.000300,0.040897,0.000485
9720,0.000017,0.000090,0.000313,0.040811,0.000497
9730,0.000016,0.000090,0.000314,0.040976,0.000491
9740,0.000017,0.000090,0.000308,0.040865,0.000500
9750,0.000018,0.000116,0.000320,0.041110,0.000491
9760,0.000017,0.000090,0.000311,0.041324,0.000504
9770,0.000018,0.000094,0.000301,0.041294,0.000511
9780,0.000018,0.000097,0.000309,0.041179,0.000498
9790,0.000017,0.000094,0.000304,0.041533,0.000511
9800,0.000017,0.000091,0.000303,0.041533,0.000506
9810,0.000017,0.000094,0.000312,0.041542,0.000494
9820,0.000016,0.000091,0.000302,0.043009,0.000502
9830,0.000017,0.000091,0.000303,0.041913,0.000495
9840,0.000017,0.000091,0.000304,0.042113,0.000499
9850,0.000017,0.000092,0.000303,0.042142,0.000491
9860,0.000017,0.000091,0.000306,0.042471,0.000496
9870,0.000017,0.000092,0.000304,0.041991,0.000497
9880,0.000017,0.000092,0.000305,0.042120,0.000511
9890,0.000017,0.000092,0.000305,0.042251,0.000498
9900,0.000017,0.000092,0.000307,0.042778,0.000496
9910,0.000017,0.000091,0.000320,0.042347,0.000497
9920,0.000017,0.000092,0.000316,0.042320,0.000501
9930,0.000019,0.000092,0.000306,0.042433,0.000494
9940,0.000017,0.000092,0.000308,0.042699,0.000500
9950,0.000017,0.000092,0.000307,0.042649,0.000495
9960,0.000018,0.000092,0.000307,0.044184,0.000511
9970,0.000017,0.000092,0.000307,0.043483,0.000505
9980,0.000017,0.000093,0.000319,0.043021,0.000505
9990,0.000019,0.000096,0.000322,0.042980,0.000498
10000,0.000017,0.000095,0.000331,0.042985,0.000508
