ID,Nombre,Equipo,Puntaje,Competencias
906,kmoucbj,Hanwha Life Esports,6.50,29
1139,qxuzz,Fnatic,37.22,18
2395,vvarcgep,Damwon Gaming,10.59,23
1915,wgrctm,Immortals,72.07,20
1444,izjkl,Cloud9,35.40,11
392,lkqo,G2 Esports,27.92,31
263,jwek,Rogue,50.46,43
664,pyh,FlyQuest,10.55,30
262,dytaqpvs,G2 Esports,7.14,27
2157,xnswtafw,T1,73.46,23
302,rbbgqecu,FlyQuest,82.61,20
2456,wcbyutym,Cloud9,33.52,1
268,kgzv,Hanwha Life Esports,88.06,11
1840,aiecjbh,Cloud9,36.90,17
2085,xztllnhp,100 Thieves,64.57,19
1292,tuog,T1,26.92,15
2219,daxiluhc,Immortals,18.77,27
2817,ngpc,Gen.G,63.77,34
2588,itbrzt,Sentinels,27.31,42
2260,ahxhzi,Hanwha Life Esports,34.92,22
1795,mfgxkjyk,Gen.G,29.50,14
2615,rpanl,G2 Esports,46.01,40
2406,cgxaim,MAD Lions,56.99,27
1312,vbjdih,G2 Esports,68.19,1
43,pvgjaqr,FlyQuest,68.71,2
2556,vfsdk,Immortals,32.75,2
614,bib,G2 Esports,87.49,34
2505,lqdw,T1,31.12,35
2767,faaw,Sentinels,76.04,4
2653,exbh,Fnatic,28.19,45
641,kdqo,G2 Esports,44.62,17
391,ezgf,Sentinels,9.08,41
2565,bxz,T1,0.18,28
1016,nynwwr,T1,43.38,29
1098,ssbxff,FlyQuest,52.39,25
2101,ogb,Immortals,52.37,32
1939,xfrwhnx,MAD Lions,59.49,41
1550,gwaf,100 Thieves,12.16,41
2728,lpep,Gen.G,81.18,34
1373,rzfpj,FlyQuest,93.13,19
251,hgihn,MAD Lions,51.88,20
1319,fctzrl,Damwon Gaming,23.79,20
2551,cwfk,Damwon Gaming,65.17,8
621,wdvg,Cloud9,69.02,13
1112,ntrvmos,T1,31.14,13
2758,fogwphr,100 Thieves,26.60,17
1569,rsn,MAD Lions,98.28,17
2077,itvkl,FlyQuest,34.31,8
173,ofouqs,MAD Lions,22.37,36
2458,pkjr,G2 Esports,57.08,3
266,bir,Sentinels,30.66,35
1892,yvg,FlyQuest,66.01,8
1994,hbqemdj,Cloud9,61.25,27
1238,qrsbg,Fnatic,72.36,17
2826,kshhhun,Sentinels,39.75,4
479,vetohgb,Sentinels,84.88,26
1464,vlh,T1,53.06,2
2247,yvmhgyg,Hanwha Life Esports,64.17,38
2350,prrjyi,Cloud9,84.96,44
1106,mlp,Cloud9,54.62,34
729,flbqa,Fnatic,18.76,33
589,xpvxae,Gen.G,92.05,34
2863,zci,Damwon Gaming,67.63,45
1117,hsd,100 Thieves,68.11,30
2682,xniad,G2 Esports,11.19,11
2705,cluatct,Cloud9,3.16,4
2454,enh,Damwon Gaming,54.68,17
2798,unhup,Damwon Gaming,31.12,36
406,bqtmv,G2 Esports,21.42,8
1763,lviugc,Rogue,78.77,11
1097,shlnpd,Cloud9,33.84,18
1627,tkfq,100 Thieves,0.39,30
1750,grfbmfi,FlyQuest,75.80,3
797,paspw,Sentinels,47.82,15
1257,cenl,FlyQuest,55.68,9
1065,jpc,T1,8.09,21
1718,oxn,G2 Esports,24.59,19
2266,ngdkudl,T1,91.83,28
2263,aar,Hanwha Life Esports,81.55,21
2821,kxaldp,Hanwha Life Esports,62.71,41
2715,goixwpf,Immortals,86.82,16
2542,ufqxc,Hanwha Life Esports,79.32,11
2763,qrmfh,Fnatic,52.36,38
2984,qkgpbvra,FlyQuest,60.25,39
642,vey,Damwon Gaming,59.81,22
1948,nuertf,Damwon Gaming,32.31,32
549,uobfvt,Cloud9,5.92,39
2405,ckhcgn,T1,49.54,18
1199,kexmnjil,G2 Esports,57.57,14
181,iypeh,Damwon Gaming,49.97,36
825,xtnu,Cloud9,35.46,4
1815,aptkjias,MAD Lions,73.98,38
592,eob,MAD Lions,32.81,13
105,knycxg,Sentinels,8.50,39
1297,ncsoamv,Gen.G,50.39,19
380,rktygye,Sentinels,68.15,34
1829,naspuguh,G2 Esports,35.19,39
2253,vxeozz,Gen.G,48.68,16
116,vyjw,Immortals,71.06,15
2220,dux,T1,75.24,29
1375,bfg,Gen.G,85.54,6
607,dzrfzwq,Hanwha Life Esports,65.56,15
1461,xzve,FlyQuest,15.44,38
113,ytzt,Immortals,68.89,30
2109,tqaahpuz,FlyQuest,6.98,24
630,nbkdcws,Gen.G,61.06,1
1393,siapr,Rogue,64.68,20
917,jxg,Cloud9,46.17,34
24,ulrm,Hanwha Life Esports,77.91,31
880,mxpfbi,FlyQuest,82.67,2
525,ccqgcfqh,FlyQuest,67.74,37
2617,osyivzr,Hanwha Life Esports,67.08,11
2877,xwolvtco,Sentinels,75.46,2
761,wbgyxc,Hanwha Life Esports,35.47,19
1374,gvmoizt,T1,41.04,32
1613,vnry,Rogue,6.54,13
1679,gwulp,Hanwha Life Esports,65.63,8
5,mdp,Immortals,70.50,30
2533,vxxq,FlyQuest,53.38,4
2272,sij,FlyQuest,85.52,22
90,dhdpxe,Gen.G,57.89,2
1490,ltwyjhw,FlyQuest,98.88,38
150,ysmsa,MAD Lions,94.24,13
1977,kkeayql,Rogue,92.99,40
876,igjfmxl,G2 Esports,60.82,1
632,qmit,Rogue,90.34,40
2474,gamldls,100 Thieves,44.73,14
1971,dsgalbn,FlyQuest,81.00,7
2175,eloq,Damwon Gaming,73.38,2
1519,rzq,Gen.G,44.16,4
80,kpky,FlyQuest,32.97,32
122,zjsxshx,Sentinels,73.52,45
796,tlupy,Hanwha Life Esports,5.87,36
2540,oqpq,FlyQuest,16.40,32
1587,ekqdb,Rogue,49.20,28
2549,lzwzwld,Sentinels,67.98,25
1356,mtq,T1,30.57,38
2402,azo,G2 Esports,1.53,39
2373,mxt,100 Thieves,74.43,25
1577,byy,Sentinels,57.17,30
2899,cyt,G2 Esports,61.06,1
3,vijxzkbl,T1,88.15,41
2082,buzieok,G2 Esports,90.50,10
2522,nodigp,FlyQuest,60.13,27
1619,zjf,Immortals,79.11,38
65,yybrevja,Immortals,48.02,32
2741,jmgnm,Rogue,54.86,27
2440,pnxu,Rogue,14.46,33
2466,okqnrvw,Cloud9,85.76,16
1762,aexk,Fnatic,67.10,38
1270,dabhhn,FlyQuest,79.69,41
2569,mzfckbb,Fnatic,47.62,19
755,pjzmtdq,T1,78.83,24
2906,unjdqior,Sentinels,14.55,9
112,bvqqkdrc,Cloud9,2.84,37
167,vgewvwfr,Sentinels,52.96,14
2599,ckrp,Fnatic,82.20,26
2431,cevin,Rogue,71.41,10
1962,xrx,Sentinels,11.62,22
1235,lxuk,Immortals,28.43,27
14,equ,MAD Lions,74.87,27
1299,ojhvud,Rogue,97.97,24
2662,ndt,Cloud9,82.78,4
2317,vxlwz,T1,12.92,4
2905,trj,100 Thieves,41.66,26
812,xmwzaas,MAD Lions,93.44,40
1427,sfmdd,Damwon Gaming,99.19,38
2409,zieea,MAD Lions,5.95,35
2410,jrf,Fnatic,82.75,20
1286,tvhhbmp,Cloud9,10.00,30
792,zhkmm,T1,33.42,30
77,ighzogch,Damwon Gaming,65.70,37
779,qdcuzd,FlyQuest,62.67,36
1777,nugjbw,FlyQuest,86.55,36
2625,mdfvgwf,MAD Lions,33.30,13
2494,uarzprt,G2 Esports,37.07,22
745,eqgqccin,MAD Lions,1.37,15
1417,shgptn,T1,34.23,44
2453,pct,MAD Lions,91.78,7
120,jvsob,Gen.G,37.86,12
990,rfeksem,Fnatic,67.43,3
2033,atrow,100 Thieves,28.35,17
707,jvp,Gen.G,86.28,24
1379,npzwg,100 Thieves,57.51,24
2098,ocii,Sentinels,6.61,44
2186,qle,Rogue,2.59,13
978,fqzvyp,T1,94.28,16
2605,pxku,T1,49.72,39
858,ngyx,Gen.G,62.01,40
1958,cjbj,Damwon Gaming,67.32,30
1133,jiore,G2 Esports,18.34,15
1161,xgpqhh,Fnatic,86.16,38
938,sjcgdf,100 Thieves,36.96,18
2924,tgyk,G2 Esports,32.49,37
544,toq,Immortals,6.73,40
1854,bztlbk,G2 Esports,80.90,17
1311,cnwu,Immortals,63.23,10
2248,etf,Rogue,32.02,40
204,mudnnwb,Rogue,51.94,18
395,gagt,T1,73.51,31
816,jrpfbqi,FlyQuest,43.68,17
2580,iitir,T1,27.18,6
1180,ucpofv,MAD Lions,69.62,13
369,mymzeix,Cloud9,1.81,3
2761,igkiobnd,Hanwha Life Esports,23.15,5
2390,qeb,T1,2.13,8
2852,mdn,Immortals,19.17,28
1177,rfw,Damwon Gaming,86.88,16
2349,cmxsgp,Immortals,19.13,18
197,fhcckpq,Cloud9,66.69,3
1127,fjnp,Immortals,95.79,5
1467,cuqpb,Hanwha Life Esports,74.13,10
1742,susomjn,G2 Esports,50.95,39
552,xsjv,Damwon Gaming,41.02,19
1909,zkfhycv,T1,54.02,41
2202,pewnbzd,Sentinels,92.20,7
1612,ryph,Immortals,25.38,43
1996,kvpr,T1,7.78,2
2500,vxrvpy,Fnatic,24.35,40
2148,qgfaib,Gen.G,11.19,9
1407,netafm,G2 Esports,41.37,30
2482,vchesjg,Hanwha Life Esports,10.29,31
1524,sfilooba,FlyQuest,56.76,16
433,kcnhs,Gen.G,26.04,39
118,ccwqjn,Gen.G,1.11,14
185,unryw,Rogue,3.26,25
1030,yqkzvkq,G2 Esports,67.54,3
2562,daz,Fnatic,2.12,28
1184,dqbjylrn,G2 Esports,57.07,28
1726,eilzjsm,Fnatic,34.93,9
2156,acrsl,MAD Lions,9.04,19
1234,kkjppc,100 Thieves,75.14,38
1552,qllof,Cloud9,99.01,6
946,zerxct,Sentinels,16.93,37
1830,bibvgjt,MAD Lions,47.03,6
1555,xhh,Rogue,64.38,40
2802,msknmod,Damwon Gaming,46.79,19
2486,gwpute,Immortals,79.43,27
654,iufctv,MAD Lions,6.92,12
804,dfyfcnd,Hanwha Life Esports,45.26,27
2170,nauitg,Damwon Gaming,16.97,34
2587,daqun,T1,67.90,24
2309,ivijmkmd,Damwon Gaming,19.04,38
598,glspkcnc,G2 Esports,24.44,39
1107,uytkocru,Gen.G,83.43,21
344,ffvkera,G2 Esports,99.88,4
1853,jxzk,Fnatic,44.87,1
2652,bwtpmd,Immortals,58.14,19
2638,optobdha,Immortals,58.12,26
1753,rvsz,Sentinels,55.16,36
2922,qggel,T1,19.98,23
2052,cxjkgm,T1,21.09,35
1721,gkcfabs,Cloud9,62.39,3
46,wum,Immortals,26.05,10
388,sznqx,Cloud9,67.22,14
2347,hpkf,T1,89.04,25
2341,rsllvoi,T1,41.97,13
519,qoyfyjxg,Damwon Gaming,83.17,35
585,lbhkncq,Hanwha Life Esports,14.22,11
2737,lfe,Sentinels,43.92,33
471,gmkr,G2 Esports,15.06,43
1859,ivxlgy,Sentinels,64.80,16
2145,awbbu,100 Thieves,78.05,41
2816,ydjgbw,T1,74.21,1
405,zxqrgx,Immortals,76.67,37
2041,xuf,Immortals,67.18,18
1956,cjfsm,Immortals,37.16,33
196,ulznqfno,Fnatic,17.08,20
730,xfstu,Hanwha Life Esports,20.77,10
231,xgnixtgy,Fnatic,89.34,23
669,epvxaunr,100 Thieves,84.28,25
1873,gfaoovdk,T1,3.50,38
537,tjyppqrr,Sentinels,61.42,7
620,smzeh,Cloud9,93.21,26
220,tba,T1,1.96,32
1370,jkendy,Immortals,61.11,10
2227,sioqankf,Hanwha Life Esports,13.58,37
1822,bholhh,100 Thieves,2.40,2
1113,rzy,Fnatic,7.33,36
2286,umr,100 Thieves,90.50,18
165,htq,Damwon Gaming,69.42,31
636,dhgcoucx,Hanwha Life Esports,14.65,28
1469,jbztue,Gen.G,63.84,42
703,vrb,Damwon Gaming,0.15,42
1694,wmcglvz,T1,78.36,11
201,uyttmgx,MAD Lions,78.96,3
439,ukcru,Immortals,76.12,1
1273,dnh,FlyQuest,5.47,17
842,upj,Damwon Gaming,97.05,23
2207,ynuairoq,Hanwha Life Esports,77.55,7
1845,lmw,Hanwha Life Esports,58.84,25
1361,tcon,Damwon Gaming,96.28,1
168,zqt,Fnatic,38.34,35
2654,pmj,Damwon Gaming,63.32,26
2913,joqlnvmc,100 Thieves,41.42,39
2530,xqtls,Fnatic,48.23,41
769,ljuto,FlyQuest,54.85,23
1605,uiqslzf,G2 Esports,57.93,12
2527,osfoajkb,Damwon Gaming,82.63,24
734,jgzdz,T1,9.07,39
1383,nezlut,100 Thieves,76.11,43
1630,oiu,Hanwha Life Esports,27.39,3
2804,umau,Immortals,69.05,42
27,uzny,Immortals,59.39,41
2778,lhbe,Sentinels,25.92,31
1009,hkdw,Damwon Gaming,49.51,17
2201,kmbuc,Immortals,86.56,3
2784,pebyannk,FlyQuest,68.93,3
987,ssq,T1,5.59,16
2280,ikwbb,Hanwha Life Esports,67.05,27
2304,agailuoc,Hanwha Life Esports,10.42,6
740,qwuutax,Rogue,59.63,19
1220,jmzjghz,100 Thieves,80.58,31
2332,xrv,Fnatic,79.60,15
912,iyusc,Fnatic,21.50,22
1323,ndag,Cloud9,50.84,31
498,acgi,Fnatic,48.72,8
1450,wltty,FlyQuest,21.79,16
2559,mxhhncp,Rogue,47.54,41
810,augas,Cloud9,46.72,40
517,xmqksawu,Rogue,80.53,19
2937,yttnzlco,Damwon Gaming,17.55,18
333,mnyzwe,FlyQuest,35.83,29
412,xmbfdop,Damwon Gaming,1.22,35
728,ezxuxnzs,MAD Lions,85.58,42
1002,hfzpeujv,Hanwha Life Esports,40.84,36
279,ozh,100 Thieves,39.33,4
576,qllllws,Hanwha Life Esports,85.15,6
2183,jjx,Gen.G,45.82,7
21,xepqtt,Rogue,15.71,17
639,tolwef,T1,72.14,2
2285,ygkmfgyy,Rogue,16.18,1
2110,mpq,Cloud9,35.78,40
520,cexu,Fnatic,23.61,8
559,lrdy,100 Thieves,36.11,4
2205,jltyp,Rogue,4.08,23
426,fyciawfb,MAD Lions,30.61,37
2209,ihpfq,Immortals,12.95,31
200,tzkxk,Damwon Gaming,37.51,28
1314,ehfblu,100 Thieves,49.45,17
528,gnwxujne,MAD Lions,13.10,18
411,czr,FlyQuest,52.63,19
2008,azhu,T1,69.78,27
608,qwwt,T1,8.92,40
1703,lvdwrw,Damwon Gaming,72.49,24
378,lgbjkt,G2 Esports,0.48,36
1409,hvxlbn,Rogue,42.89,6
89,xtakvd,Damwon Gaming,41.58,6
1769,xnoqt,100 Thieves,4.81,23
1537,kmm,G2 Esports,77.33,19
1540,dmldx,T1,89.68,43
2270,emcexoj,100 Thieves,75.79,32
63,ktuswbz,Sentinels,22.99,34
480,vahhm,Sentinels,92.74,8
1723,aqinvb,Rogue,39.48,25
1075,vuc,G2 Esports,98.73,45
927,bsuia,MAD Lions,93.25,16
831,jvgzl,Hanwha Life Esports,18.63,28
1621,hustrulj,Sentinels,14.70,13
1591,hneksji,G2 Esports,80.79,37
448,pimtuji,MAD Lions,79.53,30
1586,fbuyjj,G2 Esports,90.87,26
2672,dlzxtufd,Cloud9,58.05,33
2827,vyixde,Damwon Gaming,8.11,42
1720,juyfn,Fnatic,91.43,22
555,nehhpc,Immortals,64.95,7
867,mccbdmjw,T1,94.31,16
808,qkpivt,Hanwha Life Esports,18.52,37
2316,bvukx,FlyQuest,4.22,35
2017,wqr,Damwon Gaming,92.68,39
1905,dpxnxph,Fnatic,62.69,28
2191,fpd,Gen.G,62.22,15
2276,jsjlc,Sentinels,86.06,42
2862,ancekmfm,Damwon Gaming,7.81,12
1963,umfmfmri,Immortals,12.43,23
2368,etqqv,Cloud9,63.65,30
2056,njz,Cloud9,55.36,18
2955,icjneyos,T1,35.32,30
2713,xnyi,Fnatic,57.08,20
476,lmdnm,Hanwha Life Esports,93.08,18
2241,tqydufa,FlyQuest,84.21,10
2658,yyg,Rogue,35.17,11
995,ceai,Rogue,3.93,43
401,gzjhwcqw,MAD Lions,14.60,42
2757,bhpojwu,Gen.G,15.04,29
2752,vfvjo,Hanwha Life Esports,44.09,14
2929,djh,MAD Lions,15.26,19
1179,mumej,Gen.G,50.74,11
1344,cyhrpde,Rogue,24.51,22
2055,cspbda,Cloud9,78.86,45
982,coouz,MAD Lions,44.88,43
1579,wfkgpx,FlyQuest,0.08,1
224,yzjyzycb,Rogue,48.43,36
1709,mkp,Fnatic,39.99,14
2736,pjcoxfs,Hanwha Life Esports,55.58,22
2257,ghsjjd,Cloud9,24.58,24
1942,xwwqufdr,T1,54.96,40
2104,luerxci,Sentinels,98.17,26
612,nkdzr,G2 Esports,80.49,33
1239,lqehhkn,100 Thieves,4.42,4
1308,poenkgh,FlyQuest,71.11,38
2613,doapj,Sentinels,78.65,26
566,thdn,Hanwha Life Esports,53.05,30
950,huzry,100 Thieves,93.05,26
2029,cygrfqsw,Cloud9,22.88,42
2849,xvwjc,G2 Esports,12.72,31
2198,oiqwbce,FlyQuest,46.58,2
1669,pozkusjf,Sentinels,98.01,34
361,gsdq,Rogue,88.85,11
1812,unohy,G2 Esports,87.21,39
2228,bre,T1,60.66,20
1148,fakmdv,Rogue,20.87,31
2951,dhvicms,MAD Lions,96.86,10
1848,bytpzx,Hanwha Life Esports,59.97,33
1788,pbrld,FlyQuest,77.17,41
532,cuu,Rogue,83.23,41
1841,vthudwl,FlyQuest,43.82,34
2860,jsxknpe,FlyQuest,93.88,38
1317,ofe,T1,1.65,24
2134,gzbcgulw,Immortals,3.15,21
1861,zgwjz,Immortals,85.66,11
631,hpx,Sentinels,34.84,15
2855,abq,Fnatic,97.36,12
1881,ufsjqw,Gen.G,42.83,12
853,kotmxd,T1,43.45,32
2115,qplxihw,Rogue,75.42,28
1330,ghogguxo,FlyQuest,46.98,8
1190,ztevardc,MAD Lions,18.60,41
162,yrzbsrg,G2 Esports,41.08,33
884,dkqjzncy,Fnatic,78.34,21
2875,rgxdghyd,Damwon Gaming,9.88,7
2608,evzblwm,G2 Esports,22.03,30
910,uesvavrq,Sentinels,26.51,27
1249,iemkbu,Damwon Gaming,2.68,32
2868,qgnbwaau,FlyQuest,29.16,7
600,oyppq,100 Thieves,15.47,7
2187,ognadp,MAD Lions,98.81,13
250,kqmrc,G2 Esports,3.12,8
138,dfi,T1,95.39,4
323,dgwp,Fnatic,8.93,3
2675,vgea,Hanwha Life Esports,14.22,1
677,sjtl,Sentinels,32.02,26
460,lsa,Fnatic,6.05,31
62,tguqu,Sentinels,8.52,31
1087,gbs,FlyQuest,24.69,36
2275,dupuyvoi,T1,60.07,22
213,fsvfhksv,Immortals,70.46,33
23,eevg,Fnatic,19.45,45
2946,ghpj,Hanwha Life Esports,32.94,36
864,gjna,Immortals,75.36,3
1924,yvdcl,Sentinels,14.49,12
132,vnopf,100 Thieves,98.91,16
2805,lpyt,MAD Lions,70.46,20
846,xqr,Immortals,30.91,23
199,lmpducs,100 Thieves,75.18,28
699,mdogsmq,Immortals,41.56,8
2378,hjnrfo,Rogue,38.39,18
2649,okfwu,100 Thieves,75.35,17
2604,ewu,Hanwha Life Esports,90.74,35
370,thda,Fnatic,71.83,6
1983,wrqgxwu,Immortals,35.37,2
1300,tfmvyb,FlyQuest,5.55,14
2740,hikeodw,Rogue,6.16,32
288,delutjof,Sentinels,70.78,8
367,rhhipczk,Damwon Gaming,35.01,31
1421,ytp,Hanwha Life Esports,93.46,31
1291,cyrlgkx,Cloud9,87.64,29
41,vxqjwqfu,T1,14.61,42
2993,cmgzts,Hanwha Life Esports,20.83,17
1294,byuha,G2 Esports,55.19,14
1858,ato,T1,50.95,24
83,jsiud,T1,77.02,27
2664,wyjlu,Gen.G,64.61,18
1739,ndyt,G2 Esports,43.48,22
1182,dfwrzlv,100 Thieves,53.71,44
697,xypie,Gen.G,92.25,39
595,gxjy,G2 Esports,43.38,7
2840,yret,Gen.G,37.55,19
2417,njnaqc,Sentinels,39.46,37
2611,hujg,Cloud9,42.25,19
1046,can,MAD Lions,5.40,15
1412,qtqpeu,Hanwha Life Esports,96.24,19
1191,fijm,Fnatic,10.31,34
678,dmdpmzxq,G2 Esports,67.42,8
170,gjdm,Rogue,55.56,3
2483,scjox,T1,76.74,29
1070,fin,Cloud9,75.73,27
694,tldyest,Sentinels,29.55,21
1354,mubxdwp,FlyQuest,12.10,28
875,dwztl,G2 Esports,95.47,18
1657,bjfbw,MAD Lions,92.73,4
2563,gymtdban,Damwon Gaming,20.54,3
524,ycgp,Hanwha Life Esports,30.30,25
258,nvbb,Immortals,13.15,40
286,dvtjhgu,Immortals,90.94,27
1499,zdxa,Rogue,6.66,9
69,imdwco,Hanwha Life Esports,17.39,2
834,nbgom,Immortals,0.70,29
424,kpvil,Gen.G,32.13,33
966,irlusozo,Fnatic,49.23,15
1618,kmbmwaqq,G2 Esports,89.93,13
1155,gignhf,Sentinels,93.28,2
87,bmu,Fnatic,6.17,31
2995,kxehjos,Rogue,74.34,14
104,jcfqsw,Immortals,23.24,38
247,hmtprpy,Sentinels,43.27,9
2782,ikzsnirh,Fnatic,71.56,20
425,oezpws,FlyQuest,70.10,2
2179,kozyear,T1,44.60,18
1250,bgwvjs,MAD Lions,0.01,4
539,zffn,Damwon Gaming,74.06,12
1170,oastljs,Immortals,23.91,33
413,mcdo,T1,7.21,34
570,hnb,Rogue,81.73,9
727,wpy,T1,56.49,34
2532,cmecp,Cloud9,40.55,16
228,ogwbiz,Sentinels,37.56,4
1546,oxiimw,Rogue,43.63,33
1532,kupflnh,Hanwha Life Esports,43.80,2
447,nkhwsup,T1,36.86,23
1689,arzppkk,FlyQuest,45.29,31
720,jwudfd,Sentinels,58.62,2
1126,xnwvssg,MAD Lions,12.75,18
2428,ohgh,Sentinels,12.55,2
2988,ybdywwy,MAD Lions,68.82,35
2411,ixyn,Hanwha Life Esports,24.40,33
1688,mrtmnj,Fnatic,62.25,44
2982,oyd,FlyQuest,86.42,12
1175,tei,Hanwha Life Esports,74.03,40
1676,hfofrjp,Fnatic,90.04,14
1530,iil,Immortals,57.78,35
2283,ldemtb,MAD Lions,52.25,32
91,hanszor,Cloud9,89.30,30
1849,qgokkg,Hanwha Life Esports,29.43,14
2135,estghv,FlyQuest,78.81,12
2066,omjrkyp,Immortals,35.91,43
2081,lnks,Rogue,37.40,28
1897,ggxxewt,Gen.G,85.96,7
1211,ikamsi,Sentinels,1.37,12
2244,hjjxjpt,Damwon Gaming,84.88,29
2915,dkzvselu,Damwon Gaming,85.41,13
2136,abyzf,100 Thieves,3.12,9
1635,ikx,Hanwha Life Esports,8.30,22
1094,ipumxr,Gen.G,51.99,24
2171,ojbhrnvn,100 Thieves,85.09,38
806,msyszxou,FlyQuest,30.44,41
587,vqqfdrgp,100 Thieves,3.32,35
1672,wdwm,Cloud9,43.88,5
1852,izhrb,FlyQuest,14.75,19
2107,zmwtly,Damwon Gaming,17.15,32
1862,lkxi,Rogue,1.91,11
207,wka,G2 Esports,90.06,14
1708,mrvfs,Cloud9,11.59,22
815,lpk,Cloud9,95.37,26
1805,yoptqwj,Rogue,49.03,33
1810,coqeyq,T1,26.39,22
1548,nypijf,Damwon Gaming,67.92,23
327,pkmo,Rogue,29.19,6
106,fbapc,Hanwha Life Esports,14.28,9
399,bkhwi,Damwon Gaming,33.23,36
1752,uvpxz,Damwon Gaming,61.50,4
2436,rlqlk,Rogue,96.85,12
376,qqayt,Cloud9,1.45,23
871,oeco,Damwon Gaming,99.52,8
1304,xwvvx,Rogue,81.61,41
1264,lhshok,MAD Lions,63.57,16
1439,vhxmhnq,FlyQuest,13.61,12
1806,oroolrgc,Immortals,18.29,22
98,ayscrxyg,Rogue,85.97,18
459,bel,Fnatic,4.38,17
1807,haudu,G2 Esports,36.48,21
948,pyydg,FlyQuest,60.06,41
1060,yxmjjejz,Cloud9,51.75,11
1470,rgahjst,Sentinels,59.33,5
2475,dvdylbky,Rogue,78.65,20
273,xulcbky,MAD Lions,98.71,24
2477,funzfalq,G2 Esports,82.22,16
690,xziihd,MAD Lions,98.55,19
351,doetdael,Hanwha Life Esports,11.89,12
2355,jqzhqhu,T1,10.08,9
2525,quhtdn,FlyQuest,89.61,45
843,kld,Fnatic,31.57,23
1525,ndy,MAD Lions,85.65,38
2869,ieiupj,T1,92.56,5
217,rfxtv,100 Thieves,91.59,41
1871,chvlccr,100 Thieves,74.32,41
1936,dlwzcwyk,Damwon Gaming,25.81,25
483,tyxjvas,Gen.G,47.45,28
747,mcfqjm,Gen.G,83.13,39
1309,ohu,Cloud9,35.11,7
2890,nypi,Hanwha Life Esports,62.24,11
1749,zdcxns,Damwon Gaming,65.29,38
1894,mvrwy,Cloud9,29.28,24
615,mdyandzh,FlyQuest,7.21,25
7,fbvi,G2 Esports,95.76,43
1559,guiyoxa,Fnatic,38.69,21
1607,xrun,Cloud9,48.86,34
2656,toagry,Fnatic,13.01,2
2238,fwd,Hanwha Life Esports,79.80,17
407,vzbnd,Sentinels,99.82,1
1628,lteln,MAD Lions,2.76,13
2323,ggyvewc,100 Thieves,79.24,17
1865,rwjoi,Cloud9,20.47,23
297,zgymtg,100 Thieves,26.09,15
2371,xbudvmt,G2 Esports,29.19,21
1466,oguagjsd,Immortals,89.89,40
446,zkoubcbo,FlyQuest,85.31,22
833,qsklbfs,Damwon Gaming,54.01,18
1961,rzrudc,Cloud9,52.12,30
1564,mfstbwa,Immortals,12.50,23
706,vhmzsic,Immortals,62.71,42
665,qrqtb,FlyQuest,43.14,18
2050,bzf,100 Thieves,43.00,18
970,erflxym,Damwon Gaming,78.64,25
82,acmkb,Sentinels,91.58,35
2833,cginqw,Damwon Gaming,31.15,9
51,taaymolz,Damwon Gaming,69.68,35
1797,trds,Immortals,99.36,45
1488,nror,Sentinels,83.03,12
1110,ysc,Damwon Gaming,38.33,36
1976,pnuceq,FlyQuest,36.77,37
1890,ezzfxs,Immortals,99.70,8
2706,hoyxt,Immortals,61.22,19
676,mazhrgqq,FlyQuest,51.20,3
1867,fpvivenj,Sentinels,11.67,39
99,ckrbgg,Hanwha Life Esports,98.96,39
633,euhdcxf,Sentinels,68.61,35
753,hjb,Immortals,21.46,19
1138,qpx,Cloud9,57.22,24
1824,cecjsqmi,Rogue,41.84,36
1597,ncoa,100 Thieves,3.96,35
1153,rrfzzzkp,Damwon Gaming,52.76,19
535,pxtmtz,Immortals,6.64,1
1382,xqe,T1,66.79,45
2277,rswrrycv,100 Thieves,87.09,35
375,ipyvep,Immortals,23.13,24
437,iuxnkweu,Immortals,41.65,14
500,vifuwta,Damwon Gaming,12.69,27
2897,uqlfxd,MAD Lions,1.44,16
1744,eiuwhc,Gen.G,37.16,38
644,oncoqacn,Sentinels,81.86,44
136,mopbtxk,T1,69.35,36
49,ney,Gen.G,78.05,26
1526,zxul,Sentinels,25.47,38
2375,ydoih,MAD Lions,81.42,42
1951,ifwelp,FlyQuest,53.03,18
2237,yciksjew,Fnatic,83.81,43
2643,bsjhl,Damwon Gaming,47.57,45
1637,vfbuam,Damwon Gaming,27.75,14
400,pbtaixu,MAD Lions,71.76,21
2809,dzhhpuk,G2 Esports,70.96,19
1991,vjmfizq,Gen.G,89.05,8
2137,qatugpf,G2 Esports,29.77,33
2561,bky,Immortals,24.22,31
1834,hrvqc,Immortals,78.75,5
2900,welbpmdl,Hanwha Life Esports,70.60,14
793,txcmuljt,Fnatic,77.40,1
1341,lyfvhrnp,Cloud9,8.89,1
526,mvhsxg,FlyQuest,78.71,42
2848,hpezesld,T1,41.06,35
2009,mamm,Hanwha Life Esports,74.05,8
431,yusba,MAD Lions,81.46,35
2842,qfzhpk,MAD Lions,94.09,6
30,zyh,Cloud9,71.27,17
2891,tgi,Rogue,48.53,37
438,ffbwvtv,T1,75.27,37
2504,vygq,G2 Esports,88.32,14
2744,zxmiqtv,MAD Lions,97.08,26
133,rpcihhss,Fnatic,72.71,33
1262,yyrndg,Fnatic,99.95,33
2954,pxtyu,Damwon Gaming,4.04,10
1767,jcnr,MAD Lions,77.88,7
921,xna,Immortals,38.15,1
1662,rmns,Immortals,29.16,38
2839,mmyqkjmj,T1,22.15,31
718,szvxvel,Hanwha Life Esports,0.92,32
1641,wclze,G2 Esports,0.37,7
609,hbyo,MAD Lions,11.14,3
1310,nxs,Immortals,19.26,23
2351,hvg,Immortals,89.08,4
2810,pbkl,Fnatic,79.08,1
1004,cknxo,Fnatic,19.57,41
2873,qeuam,MAD Lions,7.88,11
2062,ydush,MAD Lions,20.28,45
2296,lbpdyug,Damwon Gaming,69.74,6
2768,ichuee,Immortals,55.66,22
1640,icdwcer,Rogue,40.63,24
2770,whmyf,T1,63.60,37
817,yjf,Hanwha Life Esports,62.65,21
651,ocrx,T1,1.47,35
2904,ypq,Cloud9,7.72,20
2791,grt,Rogue,51.09,18
1497,tks,Rogue,89.67,12
1240,aryscbwz,Gen.G,40.95,35
1704,beouer,FlyQuest,98.88,11
2893,qia,Sentinels,80.93,4
1455,uwxqv,Cloud9,46.83,4
2488,ffhhl,Fnatic,84.46,3
1946,kclp,T1,94.18,35
2384,egoibm,Damwon Gaming,28.27,35
2038,ziihdy,MAD Lions,76.58,29
722,qvcduumo,Gen.G,73.22,35
2735,weftq,FlyQuest,61.15,28
1880,wyayyo,Cloud9,95.32,44
1376,ofcsx,Hanwha Life Esports,26.36,3
1287,dkekotwl,Sentinels,77.92,18
1062,ifts,Hanwha Life Esports,66.91,14
2518,dqp,Damwon Gaming,66.31,6
922,asflbnmw,T1,64.53,32
40,xwkufki,FlyQuest,37.15,8
451,dycxu,T1,3.50,20
2457,hou,Cloud9,45.49,32
1268,jpqyzyd,Immortals,33.29,16
47,wksn,Hanwha Life Esports,50.19,38
1505,toii,MAD Lions,86.56,45
2044,cqfkze,Fnatic,18.03,18
2991,zjux,Rogue,42.39,1
1799,nltzatmh,T1,24.92,25
2423,elzkkk,T1,31.28,29
1055,dre,Hanwha Life Esports,14.97,4
1746,mzlxdvyi,Damwon Gaming,29.16,7
2512,efnzk,100 Thieves,50.61,38
78,uusabkl,FlyQuest,81.84,38
861,hujhuy,MAD Lions,98.00,17
1259,mynfn,Fnatic,33.54,37
2088,huuv,G2 Esports,48.58,5
1125,yjh,Rogue,74.62,34
1188,akvvqjs,Fnatic,59.09,43
436,sesavumx,Cloud9,34.71,5
822,vpl,100 Thieves,90.55,27
1441,mkoqsfs,Sentinels,39.44,40
2621,xps,100 Thieves,84.74,16
1923,jlssva,Gen.G,34.87,38
2921,rwb,100 Thieves,53.87,14
2364,fhlupv,Gen.G,3.35,35
495,oicuw,MAD Lions,0.83,41
2217,ihvqlr,T1,58.69,29
2830,hnoplo,FlyQuest,91.02,35
2421,sewvd,Immortals,55.01,19
832,kvqsehp,Sentinels,55.03,27
798,qgzcbzc,100 Thieves,35.29,28
1116,tkyybxwu,Cloud9,42.17,26
2032,jmqzephe,Fnatic,18.83,21
1456,ebjznpsh,Cloud9,35.33,35
2501,smftura,Fnatic,42.19,24
1463,jynswny,Hanwha Life Esports,46.86,9
2075,kuvihba,Rogue,46.67,13
2443,rlz,Gen.G,44.07,30
819,zfqkpz,Hanwha Life Esports,38.49,38
2743,zqhnvdwy,Damwon Gaming,70.48,32
1561,bddhvcei,Immortals,15.51,45
1821,xfo,Sentinels,37.42,7
2128,vizlt,Gen.G,46.43,27
897,osfqudu,MAD Lions,18.75,12
993,hhdnrv,Rogue,5.15,43
1547,caqlzz,FlyQuest,76.09,9
1927,pdz,Damwon Gaming,69.50,30
2601,tmyx,Hanwha Life Esports,27.73,26
2793,pazvbq,Cloud9,6.23,16
1164,erukgm,Fnatic,50.15,13
1648,rad,Immortals,60.20,8
2902,hca,Gen.G,86.03,41
155,qrgpzs,Gen.G,67.49,1
618,kdaxiyz,Immortals,70.32,8
2446,vkbv,MAD Lions,13.70,43
1993,ysff,Hanwha Life Esports,1.68,41
657,hhag,MAD Lions,65.41,4
2401,oaw,MAD Lions,92.50,23
1900,lcx,Immortals,82.38,35
1695,zpmskiz,Gen.G,95.45,45
44,ldy,Immortals,64.44,21
2975,yebcgyl,100 Thieves,75.92,22
1083,gdny,Damwon Gaming,75.45,2
671,hsb,MAD Lions,0.15,43
156,baxi,Sentinels,70.61,36
1429,wkv,MAD Lions,58.15,2
942,vkrzlaa,Fnatic,24.10,38
2328,ahcplatj,Sentinels,45.25,42
2258,guzklh,Hanwha Life Esports,64.07,5
1347,igsmgae,Immortals,92.63,19
750,pizckeu,Cloud9,76.37,38
1980,nqmtskjd,Fnatic,18.33,32
2520,jvracr,G2 Esports,54.81,39
2788,xvo,Sentinels,11.00,23
2061,pen,Sentinels,13.58,16
2307,yyx,MAD Lions,28.89,15
2210,afmi,Immortals,43.36,42
1700,gzx,Fnatic,64.31,3
2923,nhajhkid,Fnatic,58.65,15
2039,fvjc,Gen.G,89.20,17
2229,rws,Gen.G,15.36,37
1850,ygr,Fnatic,0.11,26
278,mpctj,MAD Lions,32.66,39
663,frtosyfu,Immortals,34.03,19
1631,jgnisr,Cloud9,12.42,43
52,kay,Sentinels,40.76,20
79,xnwjx,Damwon Gaming,34.75,8
1402,lytmkny,Rogue,83.63,18
2250,bfuravoo,Gen.G,41.39,5
926,ywxfftgi,T1,79.11,11
347,nmmvttqe,FlyQuest,42.94,28
349,ojxmecru,MAD Lions,42.14,15
2910,xfb,T1,86.95,42
1828,qdamu,Gen.G,51.87,35
656,kts,MAD Lions,85.89,4
1318,zmgu,Sentinels,2.07,10
2700,lzvl,Gen.G,91.15,36
1736,rpenpe,100 Thieves,0.20,22
1697,lrhkgfw,MAD Lions,74.90,16
1035,pogc,T1,84.80,9
712,zuj,Immortals,24.64,41
1804,figqt,Rogue,0.99,36
92,bri,T1,99.27,22
523,azr,T1,50.31,13
316,ouk,Hanwha Life Esports,49.90,1
2880,emlszi,100 Thieves,91.65,41
2184,nbkj,Hanwha Life Esports,61.09,45
2536,usym,Gen.G,47.72,38
1032,ymzygpx,Immortals,79.09,4
1500,exsi,Fnatic,19.73,40
1584,xvb,Rogue,74.09,10
417,ohomho,Damwon Gaming,86.22,4
280,mluzgz,Immortals,10.02,7
2013,vxvyicfx,100 Thieves,75.86,11
2366,tpmuvkm,Rogue,5.97,43
920,ywbetwye,100 Thieves,65.86,29
1476,jbqltvut,Rogue,46.29,1
1481,vifsxd,FlyQuest,49.06,36
1608,dtozdhs,Gen.G,36.27,36
1305,cslg,G2 Esports,40.65,4
408,whqxh,Cloud9,33.82,42
2399,ejt,MAD Lions,96.44,36
1636,dabnny,Hanwha Life Esports,72.89,25
2278,mufi,FlyQuest,74.89,38
404,zrbwad,Rogue,86.16,36
2397,dydeqiv,MAD Lions,6.03,22
2663,sybbvg,Fnatic,44.91,26
2634,lxs,T1,37.05,42
1338,ihksg,Fnatic,67.40,16
1501,hefj,Sentinels,82.46,14
2018,xeugavo,Cloud9,38.39,8
1306,trr,100 Thieves,8.19,3
1492,alfbi,MAD Lions,66.69,37
579,qyj,Hanwha Life Esports,11.82,22
252,fetzniz,T1,99.53,12
161,uwclmk,Immortals,35.10,18
108,hwnha,Sentinels,11.80,42
959,ndypyg,G2 Esports,99.95,36
2092,ifbsigqo,100 Thieves,74.85,20
2194,uieucnkx,Fnatic,23.92,18
1165,cpc,Sentinels,37.50,12
2814,pebscopw,Gen.G,22.46,6
1604,oqug,Gen.G,25.98,36
343,mzkhvk,Cloud9,19.10,32
2731,brvba,100 Thieves,75.86,41
2878,jsikst,Damwon Gaming,89.66,25
1973,fhf,FlyQuest,36.79,42
1413,ssqyepfu,Gen.G,14.63,19
381,xkijda,T1,89.93,44
1538,mffvs,MAD Lions,89.02,43
1256,ppq,MAD Lions,50.83,5
1099,iqyikp,Hanwha Life Esports,73.70,25
59,hfqvoskv,Rogue,9.16,23
1717,hmvqemek,T1,22.56,5
640,owja,Damwon Gaming,67.28,16
2418,njp,Damwon Gaming,30.07,29
2166,bxn,Cloud9,46.69,31
2154,zeihcnx,G2 Esports,15.51,34
1043,dbbifofx,100 Thieves,93.43,37
1974,qlki,Rogue,76.03,40
287,vihhbkbx,FlyQuest,15.05,40
143,nanqvz,Damwon Gaming,56.21,22
2025,jkpkew,Damwon Gaming,23.39,22
1589,vzhb,Fnatic,64.92,40
911,vvnazkqj,FlyQuest,78.71,10
2425,spcefps,Hanwha Life Esports,2.74,26
1399,mko,Hanwha Life Esports,67.23,45
1929,uewmpp,Gen.G,56.78,45
840,njyio,MAD Lions,43.95,34
357,hxyz,G2 Esports,28.00,29
2718,vodkva,Sentinels,57.07,25
2711,wlhjicj,Damwon Gaming,72.40,20
1756,swreohvl,Damwon Gaming,76.50,11
96,tpmv,100 Thieves,49.70,39
127,xrg,MAD Lions,24.24,39
1653,ofzdd,Sentinels,78.99,9
1917,vakjrmzi,FlyQuest,27.58,33
1385,mgioqf,MAD Lions,2.35,6
814,dzkrec,Cloud9,7.02,21
366,inelewye,T1,62.51,41
1377,kho,Sentinels,31.31,44
2926,ghnqr,100 Thieves,87.12,42
1504,hkxppu,Hanwha Life Esports,68.58,37
2433,aquxpmn,Gen.G,78.82,40
16,lvpto,T1,73.46,11
2334,ofqd,Fnatic,90.79,17
276,gaxhkxd,Gen.G,36.99,39
2818,lrgblydp,G2 Esports,90.81,45
2650,deo,T1,97.63,24
2727,daezfw,100 Thieves,78.51,33
2125,spjoyaqp,Cloud9,85.03,20
1743,yrwlb,FlyQuest,80.35,23
1690,fwyy,FlyQuest,12.57,22
2895,kzfrs,MAD Lions,54.90,45
2010,jfhojzfn,Sentinels,26.55,21
2762,fsis,Fnatic,37.82,40
591,sugmqtu,G2 Esports,60.13,5
497,sqvag,Rogue,17.20,28
2442,nykjgntb,T1,33.59,31
564,cfekges,Immortals,51.84,18
2777,zmg,100 Thieves,63.15,31
1396,jtsovucf,Sentinels,82.26,7
2095,zuv,Immortals,92.44,38
50,sikij,Damwon Gaming,1.64,40
468,mdic,T1,11.34,20
2859,cwkb,T1,83.85,26
1715,ozhwlq,Gen.G,36.62,29
1446,cyzbt,100 Thieves,43.05,36
1434,axtqbxh,Sentinels,71.31,10
1674,xii,Cloud9,80.48,5
1684,kbhhzvy,FlyQuest,58.38,7
1102,pyzt,Gen.G,78.18,28
1298,iebs,Damwon Gaming,67.92,32
2999,jmbylsc,Fnatic,67.38,35
1729,arotfqak,FlyQuest,1.22,2
342,wkfbm,Immortals,15.94,9
902,avgs,Sentinels,77.09,25
1212,mckdz,100 Thieves,31.82,36
2800,nqpmfpu,Cloud9,90.30,26
2489,hyldph,FlyQuest,52.45,37
1572,rdfl,Cloud9,8.24,43
2073,iuwyxaf,Fnatic,49.94,26
1895,orqevoz,Damwon Gaming,23.61,6
1724,nmtqgoay,G2 Esports,58.86,22
2338,jdypubdv,Hanwha Life Esports,99.54,5
1192,kedif,G2 Esports,11.18,17
1307,qjjwatw,FlyQuest,73.15,5
772,orvhhfoi,Hanwha Life Esports,52.63,19
1922,pva,G2 Esports,70.70,15
515,ffuxbggb,Gen.G,99.10,6
1615,ixb,MAD Lions,14.75,5
1699,zaleuxja,Immortals,86.05,19
1949,djshdej,Hanwha Life Esports,23.21,10
2012,ozpb,100 Thieves,36.52,38
1770,pzjilnye,Rogue,38.27,7
2896,pbbbuuhk,G2 Esports,62.12,2
492,wgorm,Gen.G,96.74,1
2176,icoi,FlyQuest,13.58,23
1651,yaerbh,T1,29.31,3
2698,yqqt,Damwon Gaming,94.43,22
2974,bft,Sentinels,44.14,27
1543,jbaoqlsp,T1,76.10,34
649,yyxlu,Rogue,70.38,20
2673,xdopjty,Damwon Gaming,83.93,3
2942,euhqafbb,Rogue,85.32,40
2300,fuld,Cloud9,29.42,10
1449,xiobi,Gen.G,80.49,3
530,dwzbwkq,Hanwha Life Esports,87.19,1
2262,tao,Gen.G,22.32,5
2084,tjoitjrl,G2 Esports,89.48,40
1430,cgzvooar,Gen.G,20.63,43
2240,wqnaa,FlyQuest,21.71,28
2932,cjyxjbxo,Sentinels,52.64,10
1959,hcu,Gen.G,74.27,30
1144,julqw,Fnatic,77.29,18
795,llmtxyhx,Sentinels,39.88,11
2424,lef,Cloud9,23.79,29
951,jppjpu,G2 Esports,70.83,38
2886,mdboo,Rogue,16.64,12
2003,wrquhwky,G2 Esports,46.04,1
883,tybm,Sentinels,67.20,26
1362,sgzrbrt,Immortals,17.69,7
58,xkyky,Fnatic,99.07,2
2950,xenskup,Damwon Gaming,18.78,18
2603,snnxguo,Rogue,90.79,12
1263,crffum,Cloud9,66.77,18
2087,nng,Cloud9,79.96,44
1073,xvpnnz,FlyQuest,47.77,10
2693,epfemjbk,Immortals,83.78,29
1645,ndrdkunw,Hanwha Life Esports,67.24,14
2293,dbadtx,G2 Esports,51.11,40
898,fmictax,G2 Esports,9.61,13
1049,kla,Rogue,68.29,23
2016,dgpa,G2 Esports,69.73,32
909,bmpmbg,Cloud9,24.39,12
382,rnpzd,T1,8.15,45
2074,zwj,Cloud9,66.81,28
602,bwvjp,Rogue,87.03,35
177,eehtrupu,Sentinels,89.12,41
1222,xhq,Fnatic,7.40,11
1355,rprrqdk,T1,86.09,45
1691,kokeh,Immortals,99.77,32
2222,hkrpwly,100 Thieves,23.01,34
1093,ywziuy,MAD Lions,32.63,19
1085,kdumb,Gen.G,9.77,34
36,svh,FlyQuest,75.06,8
2796,wij,Sentinels,41.50,45
2570,tggij,Hanwha Life Esports,86.04,18
1943,bjnmxr,G2 Esports,1.61,33
1740,nkzarpl,Cloud9,26.99,2
25,dyxg,Sentinels,92.51,24
1877,rdcymho,Hanwha Life Esports,41.05,38
1655,xnccqxkq,Immortals,1.34,4
1918,jdwa,G2 Esports,56.54,26
332,udwpp,T1,65.24,8
1876,yezd,Fnatic,65.14,44
770,ndxnlq,Cloud9,96.65,7
482,nttcqzx,G2 Esports,48.65,12
147,bsgfi,G2 Esports,45.95,27
2042,hqlojxvh,MAD Lions,89.64,15
2299,ddbsicp,Damwon Gaming,14.68,7
627,paayi,100 Thieves,90.35,23
402,dpdn,Fnatic,39.19,12
2538,krx,Damwon Gaming,26.34,13
2047,vpjmuvly,Damwon Gaming,86.46,4
2487,tvwqpg,Damwon Gaming,29.90,21
2246,fgh,Sentinels,63.16,17
2388,mhdv,Hanwha Life Esports,21.78,4
1611,vmhahyzl,G2 Esports,91.23,18
238,ryqqzkv,Gen.G,21.50,11
647,aeiqwi,G2 Esports,15.96,36
2513,yoatft,Rogue,13.37,12
593,moh,FlyQuest,88.30,32
1535,yexsvc,MAD Lions,44.01,26
354,suqx,Cloud9,14.82,26
979,pjekwqo,G2 Esports,26.85,36
1658,syrhcwy,Sentinels,23.63,18
1755,mubc,FlyQuest,23.49,15
206,ierqwki,Hanwha Life Esports,79.70,25
1498,uebpo,MAD Lions,87.60,2
958,dffnyxl,100 Thieves,0.79,18
2721,xuakq,T1,92.26,31
42,awru,Gen.G,33.32,6
616,pda,MAD Lions,90.39,34
2595,klmaueq,Damwon Gaming,77.65,19
2051,mlxnm,Gen.G,83.45,39
1811,rvlwtzsn,Immortals,90.94,25
878,gyhj,FlyQuest,22.01,20
1944,kchjgeoe,FlyQuest,7.14,1
403,cke,G2 Esports,91.02,40
610,iyuwe,Rogue,36.21,28
2582,ccmy,Rogue,69.63,17
1570,pzndcl,Damwon Gaming,25.63,4
1052,nrlonh,Cloud9,56.10,23
2579,qlb,Gen.G,18.36,6
2233,wdxzvkl,Damwon Gaming,3.17,21
2732,abg,Cloud9,24.50,28
2264,dstnr,Fnatic,7.32,21
856,rowvwii,FlyQuest,77.84,2
1433,gtkd,Immortals,20.57,3
435,nic,Gen.G,15.01,37
890,qomml,G2 Esports,71.00,29
971,vozw,Cloud9,83.63,41
681,nciqrn,Cloud9,40.12,44
1495,vjfclpic,Sentinels,69.38,35
556,muts,Fnatic,0.83,27
2379,oxhofr,Cloud9,98.73,25
2132,sapb,Gen.G,41.43,27
2158,zllccboa,Immortals,58.61,2
2242,npezj,Rogue,73.23,37
1649,jnhfwa,Immortals,93.45,38
2331,eqgihu,Immortals,98.60,43
1916,utip,Cloud9,13.36,25
2339,bszprbq,Damwon Gaming,13.49,42
2181,aexvi,Fnatic,5.24,10
2973,uapkzh,Damwon Gaming,26.13,24
1183,zdxotcm,Sentinels,61.08,43
907,vduopi,Sentinels,25.75,32
1025,fgkm,Sentinels,84.21,15
561,ink,Gen.G,44.78,8
1987,esrlumj,Sentinels,33.26,1
877,ctsd,Fnatic,89.79,20
1045,cfo,Gen.G,11.13,28
2416,uysfduvm,100 Thieves,60.82,23
1243,nnfhqie,Gen.G,50.56,25
2947,vfgucm,Cloud9,69.60,9
2990,cuyft,Cloud9,61.00,34
1907,amr,Immortals,82.41,23
2027,zccwmc,MAD Lions,79.56,23
1847,mlrmql,Immortals,69.80,22
634,ulhmzqb,100 Thieves,0.44,24
338,oekbjpcd,Gen.G,16.29,20
1251,zzwnhb,Damwon Gaming,99.07,16
422,zrt,Cloud9,70.93,41
643,wpwe,G2 Esports,26.17,6
2153,chlsjcsx,T1,65.06,21
749,tfasx,Sentinels,74.22,26
183,joq,Hanwha Life Esports,23.16,17
2553,kcg,Hanwha Life Esports,57.85,34
743,sci,G2 Esports,53.65,14
2795,ejhpejw,Cloud9,74.87,24
597,hystxe,Rogue,17.89,29
2909,bxqhnav,MAD Lions,9.52,37
752,csd,Gen.G,23.84,8
2636,vikm,Fnatic,66.40,13
109,qdit,G2 Esports,42.98,3
339,aczy,Immortals,44.43,11
835,ozugdb,Cloud9,20.83,26
746,yswha,Fnatic,65.74,12
373,tdjwd,Damwon Gaming,67.59,4
1326,rmgh,Gen.G,41.31,6
2097,sbzvsmkm,MAD Lions,40.78,20
1580,vtxyzqe,T1,99.06,27
2377,xsbxq,FlyQuest,36.71,15
2265,jcwwhi,G2 Esports,39.31,26
1228,copijb,Damwon Gaming,39.40,10
137,vicrdhlt,Fnatic,53.62,25
1920,kixh,Hanwha Life Esports,49.00,43
1706,wgtsxqg,Rogue,88.06,27
594,bvq,Damwon Gaming,58.81,5
1574,rlhmwe,Gen.G,47.33,41
415,gljg,T1,46.99,4
1683,qnyzrdtq,Immortals,23.02,4
845,aveb,Gen.G,47.07,31
2005,lguultw,T1,46.12,5
2230,xatbpnje,Fnatic,75.78,41
1281,lgicradm,FlyQuest,77.36,38
1656,ikjh,T1,70.96,5
335,ncdz,Rogue,97.09,42
202,rzku,Cloud9,18.35,18
781,rligsw,100 Thieves,98.36,37
1171,yyxrhxj,Rogue,4.22,16
2213,vfreprj,Hanwha Life Esports,26.05,6
38,uyk,MAD Lions,95.66,10
1860,sfiy,T1,91.05,4
824,spybyqh,100 Thieves,46.75,17
565,tbs,Rogue,70.06,38
2382,lqkkyypr,Cloud9,82.33,21
149,fxtvjk,Cloud9,88.10,39
512,umjxh,T1,70.54,14
31,sebfx,G2 Esports,71.16,17
1531,ydeo,MAD Lions,75.46,17
2359,fmuavx,Sentinels,84.87,42
2600,betfpln,Cloud9,30.67,1
1825,cyr,Damwon Gaming,46.02,22
1359,sbtmh,Rogue,50.02,44
2439,vluidhtl,Rogue,97.58,4
670,fkczovdk,Damwon Gaming,82.31,44
2064,mhynsedq,Cloud9,6.28,34
1378,dtx,Sentinels,96.70,20
2510,bshytpt,T1,4.51,6
1132,qwcfwaso,Fnatic,94.04,11
2147,tour,100 Thieves,48.82,31
2644,yrmekeo,MAD Lions,41.62,31
1748,nmscsdpy,Rogue,10.05,43
2484,ibnnxskw,FlyQuest,51.01,17
2641,hhhcv,FlyQuest,62.09,23
2004,lbgso,Damwon Gaming,22.25,27
1639,sftd,Immortals,17.72,30
34,lgjnngh,Sentinels,84.07,44
2398,wupdmfw,100 Thieves,27.57,15
2503,qruo,FlyQuest,53.46,22
2576,undv,FlyQuest,22.23,44
1168,sxrhas,Sentinels,12.91,13
2934,owcsnd,Gen.G,80.88,30
379,hpsfini,FlyQuest,87.95,5
2102,yaluedpk,Cloud9,89.66,37
758,cwusken,100 Thieves,89.63,42
1686,qxrpyjs,MAD Lions,34.88,13
318,eblaznz,FlyQuest,54.40,24
790,isrxjuze,Fnatic,59.50,9
767,yiq,Rogue,29.15,29
1301,tuob,T1,30.46,10
2072,qkv,Cloud9,75.74,15
2311,hqk,FlyQuest,94.77,6
2966,zhslp,Gen.G,56.77,16
751,msj,MAD Lions,70.78,14
241,oxfh,FlyQuest,53.24,21
1714,qwhs,Damwon Gaming,81.51,11
2165,yuvmvri,Gen.G,1.89,12
2126,vqubyl,Hanwha Life Esports,88.11,35
2060,ogxvrooz,FlyQuest,11.67,39
1634,vjuzpj,Hanwha Life Esports,89.33,40
1502,qvtz,Damwon Gaming,72.15,25
2297,fwxzhiw,Damwon Gaming,40.96,41
2127,oya,Sentinels,39.51,36
1131,las,Gen.G,31.54,32
2747,uxcq,G2 Esports,76.72,28
1109,nsjajt,Rogue,49.83,4
320,jbfpf,T1,20.58,45
1813,rdq,Immortals,27.67,8
1150,twihs,Immortals,32.18,18
72,xefa,Gen.G,52.99,41
624,zzohi,Cloud9,79.07,33
2188,qht,Cloud9,12.67,34
1119,ixq,Immortals,48.16,35
2059,jic,Immortals,60.96,32
2677,tfkp,Hanwha Life Esports,72.51,23
2526,nxfyn,G2 Esports,7.15,22
764,ofs,100 Thieves,59.42,33
2391,dgo,FlyQuest,38.61,33
984,gdtwvf,Immortals,76.02,17
895,sxert,FlyQuest,29.53,36
2284,iiaq,Damwon Gaming,50.79,45
563,stq,100 Thieves,1.31,39
2345,cqugptap,FlyQuest,66.69,21
2998,rkiaxgm,100 Thieves,49.66,24
2236,ryfoycbl,Hanwha Life Esports,31.99,29
1814,gyratdw,Sentinels,99.53,43
1316,jkhs,Fnatic,43.88,11
2710,cnip,Fnatic,79.96,14
2200,jxxx,MAD Lions,64.64,7
645,zvij,G2 Esports,16.84,7
1225,git,Sentinels,51.66,35
2759,ncbwlotp,FlyQuest,47.66,26
1967,ypknnuu,100 Thieves,74.18,7
2616,uqjwq,FlyQuest,86.97,33
1000,zuqov,100 Thieves,0.14,12
701,mcjwxhr,Immortals,6.10,8
2259,hhrdf,Damwon Gaming,40.27,43
2190,rxcdas,Immortals,97.62,42
2667,oqko,Sentinels,88.83,24
1883,bayzczx,Fnatic,68.51,2
557,nqqzham,Immortals,26.86,17
1458,oofik,Gen.G,35.15,30
1868,xithehzu,Fnatic,57.64,21
659,mwkkge,Fnatic,37.01,35
2506,ezpkwl,Gen.G,85.44,34
2648,rpqmbgg,T1,27.21,10
475,pga,Fnatic,27.61,32
190,perrvje,Damwon Gaming,94.36,41
869,hgvzpf,Fnatic,22.80,34
2789,wikgw,Damwon Gaming,6.21,28
1560,uabmdwi,Damwon Gaming,94.30,40
2686,nviafr,Sentinels,88.68,37
811,nnmfmcqe,T1,37.88,5
973,niiutgsh,Immortals,34.87,5
567,qtytfa,Damwon Gaming,55.84,38
1517,vxye,Fnatic,41.32,16
1230,zivok,Immortals,5.58,37
2635,yennu,FlyQuest,87.14,16
2226,kfvxu,100 Thieves,61.64,32
374,wdb,Immortals,18.37,45
2511,jeyowpzo,FlyQuest,33.19,20
2121,vzwxwn,100 Thieves,59.57,6
450,pjdhfv,Rogue,57.25,1
1420,pwszcjs,Fnatic,63.30,25
296,rgnbiqp,Fnatic,85.17,40
604,zyykrdcy,Hanwha Life Esports,7.75,16
1553,zzjf,Hanwha Life Esports,13.43,42
821,jhrexjw,Immortals,11.43,42
2509,gvntkcxt,G2 Esports,31.92,43
1673,gdqm,Fnatic,17.32,34
1392,rwsqakhe,Gen.G,48.50,14
646,ydlwuja,Sentinels,78.50,25
1934,upn,FlyQuest,23.13,5
2164,rnyxjv,G2 Esports,46.54,17
2337,jiwob,T1,50.55,8
179,qodqeujl,T1,99.08,26
387,apqhnv,Gen.G,63.45,42
1381,urqkfgvd,100 Thieves,60.16,33
1712,ikhgws,FlyQuest,45.77,6
937,arb,Gen.G,3.77,31
847,mmprsp,MAD Lions,51.13,12
1682,wczcyuoq,Sentinels,30.56,28
2632,xhrdzuu,Gen.G,22.59,19
1227,nbbc,100 Thieves,49.35,9
952,jrkgn,Rogue,84.27,20
394,niomltaq,MAD Lions,36.56,7
2624,flrf,Gen.G,57.66,37
1074,fdhd,Rogue,77.72,3
56,phbvf,Hanwha Life Esports,60.02,29
1833,xtvuufxp,Damwon Gaming,47.96,31
929,qhvyo,Fnatic,10.68,18
1010,ltltr,100 Thieves,70.89,18
1040,lvs,Rogue,27.58,2
2726,wqp,Cloud9,54.92,31
1491,wmmnafnk,Hanwha Life Esports,68.00,14
1972,uhsnhhv,Rogue,98.75,12
393,tpgp,MAD Lions,30.77,18
2448,vqlvscx,Hanwha Life Esports,64.37,42
1293,ctex,MAD Lions,61.63,43
2083,qsoeac,G2 Esports,40.96,38
2571,zlgrxeiw,G2 Esports,50.41,17
134,wvfs,Damwon Gaming,44.99,9
575,nbedyvwf,MAD Lions,22.41,7
2843,rujiaekk,Damwon Gaming,18.43,33
961,cyoa,FlyQuest,17.63,7
274,euzayio,Sentinels,11.47,26
1602,xjf,T1,74.29,29
1779,puq,Cloud9,55.30,7
2070,eyso,100 Thieves,54.01,7
145,feo,Cloud9,67.62,14
272,jusulu,FlyQuest,5.00,1
2357,snlwey,Fnatic,62.08,26
2958,cxjxhni,Rogue,51.10,14
2971,ljfmj,Hanwha Life Esports,8.21,16
2303,naycis,T1,88.46,34
94,ciqp,Gen.G,58.03,2
583,njcrrle,Hanwha Life Esports,82.23,45
477,jmqu,G2 Esports,6.84,1
1803,bbvaudq,Fnatic,53.49,34
430,bhijo,100 Thieves,2.58,5
1995,vklzplmq,Hanwha Life Esports,53.10,26
2657,pkcv,Damwon Gaming,17.13,40
2152,ciegm,MAD Lions,4.41,35
2461,lsoaf,FlyQuest,19.75,9
2445,zqa,100 Thieves,11.36,28
1200,awshchus,Immortals,36.83,35
2808,vsomsk,G2 Esports,0.57,11
2541,miw,FlyQuest,16.17,23
3000,zkakbes,FlyQuest,31.07,44
2100,jkhkhzzt,Damwon Gaming,17.39,45
2315,unlsi,100 Thieves,41.60,22
2435,mcu,Gen.G,53.05,32
542,kfkpsabe,100 Thieves,53.12,17
866,cnrbfqii,Hanwha Life Esports,40.04,15
336,otgwwfim,G2 Esports,7.21,11
1279,pusxa,Fnatic,43.78,42
882,mkx,MAD Lions,16.25,12
1166,fwdikuh,100 Thieves,57.26,16
2704,cgseirg,Damwon Gaming,45.55,44
334,hou,Cloud9,14.51,37
801,fen,Immortals,40.36,20
2078,onzyhu,Cloud9,89.38,27
1789,arxzdpkg,Rogue,66.24,23
223,ovfuxddw,100 Thieves,91.74,43
2539,dfzew,Rogue,47.97,35
925,pddqt,Fnatic,4.19,13
1448,tldqjggo,Fnatic,50.12,9
2583,sfzdpt,100 Thieves,15.36,9
396,vwhol,Damwon Gaming,27.23,13
1340,iltu,MAD Lions,55.65,16
1661,dojvwotw,T1,30.71,36
700,zxdaole,MAD Lions,60.82,13
2883,jtpdsx,Fnatic,47.38,38
1513,znwtoiho,Immortals,18.19,30
2524,ywyiewy,Hanwha Life Esports,21.23,2
458,yvmrfzq,Sentinels,89.78,19
1193,euoxalzt,Damwon Gaming,65.04,28
95,ohrxk,FlyQuest,82.41,35
1108,ilrlaa,Cloud9,7.07,38
1816,izba,FlyQuest,42.87,14
2330,wkig,Rogue,86.57,23
2716,azaaoa,FlyQuest,49.34,25
969,kjwykke,Cloud9,59.58,36
683,grksxf,Hanwha Life Esports,40.21,3
1837,feabuemn,Cloud9,29.18,38
2552,alnizy,FlyQuest,57.81,2
2574,rnbi,Sentinels,3.73,6
2610,ktkcsmpc,Damwon Gaming,17.20,27
1910,vappdb,Cloud9,63.43,42
283,nkcyebg,MAD Lions,3.17,14
322,wqqxq,Hanwha Life Esports,22.47,36
1760,fikunq,Hanwha Life Esports,43.33,5
1856,lbal,G2 Esports,80.21,23
2720,ucxsn,T1,73.47,2
1024,ysfqrb,Hanwha Life Esports,7.54,7
1886,ftjevi,Fnatic,26.18,12
1633,zyw,Rogue,98.36,39
2806,zzvcok,Hanwha Life Esports,75.28,43
2472,stqw,Sentinels,42.91,35
505,dozqg,G2 Esports,49.20,10
2543,blukholv,MAD Lions,8.41,15
1210,rop,Hanwha Life Esports,44.56,14
1068,rlg,T1,87.50,9
1632,bcp,Immortals,52.21,20
1258,oxbrjrci,Cloud9,50.53,3
2150,pyoy,MAD Lions,81.19,12
828,hyqov,Sentinels,87.73,2
1785,arzhkq,Fnatic,99.48,6
324,ews,Immortals,47.57,45
1809,fmwtdmj,Fnatic,96.38,27
2389,scqrhm,Sentinels,49.78,15
1874,oeqs,MAD Lions,2.41,3
1898,bkxw,T1,32.48,3
1529,banw,FlyQuest,99.63,26
2404,jdj,100 Thieves,21.65,6
1620,aerebekv,T1,25.99,32
2690,dvwloj,Damwon Gaming,96.17,28
474,iua,Rogue,57.68,26
2245,dtoszo,Fnatic,29.12,18
2822,fph,Immortals,0.84,17
1186,xir,Damwon Gaming,26.51,36
2036,bwazwt,Fnatic,11.36,32
503,yobfizyj,Gen.G,66.97,40
837,wevdvhm,Sentinels,73.47,27
2221,mdsxvpxw,Cloud9,89.72,45
2021,vppnllm,Fnatic,93.11,15
2144,nykuztzl,100 Thieves,57.05,23
420,lptyd,Gen.G,25.84,3
1400,zjgckkn,T1,93.73,44
1625,sawqa,Immortals,71.93,2
1272,eheul,MAD Lions,37.55,37
493,ehokupk,T1,24.01,43
2629,dsbdsdr,Hanwha Life Esports,61.09,45
573,axbcval,G2 Esports,40.75,3
2769,feruxncj,Hanwha Life Esports,85.96,22
141,ihivimcq,Damwon Gaming,95.92,36
708,mthv,Sentinels,54.79,16
144,xtyeb,Cloud9,23.88,33
507,mfobqw,Immortals,82.32,4
541,flhqiobb,T1,39.66,22
221,ypec,Rogue,20.10,17
2854,ktmpiev,Hanwha Life Esports,24.61,14
2941,gczhxagx,Hanwha Life Esports,20.23,41
1302,opj,G2 Esports,46.29,13
189,zuvkqepu,Gen.G,50.97,37
763,dfioni,Immortals,57.08,29
2972,wjfci,Cloud9,39.30,1
672,eycbyyor,FlyQuest,53.37,36
1582,ifofeyop,MAD Lions,86.04,19
1738,rpxtowdl,FlyQuest,1.69,38
2142,zyxi,100 Thieves,68.58,24
648,mzzjj,Immortals,52.79,21
2206,wlu,Immortals,26.46,39
261,veqsf,MAD Lions,8.47,36
1351,lkjvsft,FlyQuest,67.93,30
1020,atr,Rogue,37.11,25
2094,nutk,Immortals,37.98,12
124,hcwuiph,Hanwha Life Esports,81.90,10
2298,xkco,Gen.G,12.43,30
516,xpkis,Cloud9,13.65,42
553,vrbgkwmu,Immortals,88.15,15
1290,wvzrtn,Hanwha Life Esports,80.36,7
2045,wipmwfy,MAD Lions,89.16,2
442,kncv,Gen.G,71.45,43
348,ipopuj,G2 Esports,37.18,44
1282,idw,Damwon Gaming,84.15,35
1702,ycehbe,Rogue,66.58,7
571,luvvmc,Gen.G,97.76,22
1536,yuclq,Immortals,43.75,37
2023,pcbwud,Rogue,26.30,32
2254,cqjddcj,100 Thieves,65.51,8
2920,aizvujx,Hanwha Life Esports,17.94,17
2290,qvbcxno,Damwon Gaming,60.73,26
2963,ymfhjuyh,Gen.G,30.84,9
1071,oro,Rogue,85.86,24
2573,gxdmdov,MAD Lions,9.45,37
2178,sbj,Cloud9,76.44,3
67,iidcnrlp,G2 Esports,60.15,16
464,cmn,Immortals,35.15,24
1231,dthri,Gen.G,52.55,38
1103,xxquugzv,Damwon Gaming,70.13,30
865,fobaoh,Damwon Gaming,11.91,19
1926,tbecow,FlyQuest,14.97,2
1038,lxq,Damwon Gaming,32.00,41
2872,yjtvs,Sentinels,45.78,33
1149,axzsiixc,G2 Esports,36.77,6
29,nmfu,Damwon Gaming,87.98,43
2239,dbkubm,Cloud9,59.43,13
1236,rggoklt,Hanwha Life Esports,31.67,23
2122,ipap,Rogue,19.03,15
1358,twsypj,Fnatic,92.51,26
2606,tcr,Immortals,76.16,30
1599,rylatn,Hanwha Life Esports,57.32,8
2462,uno,Immortals,36.49,32
2936,dclhevh,100 Thieves,32.70,14
2468,bdajssq,G2 Esports,12.17,6
1169,agpkc,100 Thieves,37.87,1
2089,ibfxe,Gen.G,36.50,30
726,dlmdwg,Sentinels,5.64,13
1349,skgevyiu,Fnatic,75.31,44
1595,uwuhzbwh,G2 Esports,22.59,33
2336,wttxbozz,100 Thieves,74.59,13
2680,motu,Immortals,31.64,29
1051,oqymz,MAD Lions,7.70,35
305,ggpykrt,Immortals,63.45,8
1879,qwnp,Damwon Gaming,23.90,6
319,eybyksoc,Sentinels,44.65,42
2691,kad,Damwon Gaming,87.35,16
2367,nkfur,Hanwha Life Esports,77.80,15
900,kebcyex,MAD Lions,15.78,5
723,luhjo,Sentinels,8.83,16
2305,xmmof,MAD Lions,27.41,8
191,pvqxo,Damwon Gaming,42.31,28
886,lpnp,Gen.G,75.06,37
1952,wpifkp,FlyQuest,22.09,10
15,jtwi,Cloud9,34.95,10
1745,mapgodpe,Cloud9,67.69,36
2980,zfxr,Gen.G,78.04,21
1328,dgyphno,Cloud9,57.30,30
1774,qoho,Cloud9,11.42,17
2660,favwsd,Fnatic,87.20,11
2490,bniw,Immortals,10.40,38
2952,zpboa,FlyQuest,17.46,7
518,hyqo,MAD Lions,8.91,39
1363,oaoeomh,Rogue,86.95,12
61,xacx,MAD Lions,39.94,5
469,vjw,Hanwha Life Esports,61.26,8
1267,kqe,Cloud9,71.87,43
2748,rew,100 Thieves,52.96,26
2499,hcdb,Cloud9,89.85,17
590,ljwqmpw,Fnatic,35.31,28
456,sjyfbqj,Fnatic,96.92,24
2517,fasmq,Damwon Gaming,76.63,44
2594,dpkeg,FlyQuest,7.23,9
2589,dtv,Fnatic,38.68,10
2738,cse,Immortals,89.23,17
963,qkbd,G2 Esports,57.41,33
1557,mdqdtv,Immortals,83.20,35
1954,hqisb,T1,95.85,32
264,lsq,Hanwha Life Esports,98.30,6
773,rbfmnfav,Fnatic,45.87,36
2919,skct,Rogue,87.25,1
923,qfgu,Sentinels,66.31,25
1846,bse,Sentinels,38.00,2
466,eqkotkes,MAD Lions,13.75,19
2465,qin,G2 Esports,17.37,22
295,vye,Fnatic,85.05,4
2694,yhxkkc,Damwon Gaming,20.80,25
2931,uhhqt,Fnatic,58.25,37
73,gou,Rogue,80.29,40
791,skspc,Cloud9,25.50,37
1950,vxce,Cloud9,75.69,37
2581,chrlcro,FlyQuest,11.35,38
1568,mdp,MAD Lions,78.89,1
182,yxje,Rogue,27.37,25
2478,vupvrdwb,Cloud9,69.69,45
2429,lmyftyjk,Cloud9,36.31,35
789,lfp,Damwon Gaming,91.46,22
1782,gtovogg,Fnatic,17.26,26
2647,fidwvjib,Sentinels,44.47,12
854,gts,MAD Lions,40.67,16
1947,fhkn,T1,54.06,42
1609,col,Damwon Gaming,84.79,40
125,bybvh,Damwon Gaming,85.78,38
2745,wtmhofo,Fnatic,24.77,18
1353,nxkol,Cloud9,91.91,3
1044,tplaefe,Hanwha Life Esports,31.04,38
35,xjazpco,FlyQuest,44.20,41
1296,mejwmn,Gen.G,62.79,25
2267,dvqyije,Damwon Gaming,66.36,3
222,mmr,100 Thieves,53.85,15
2091,kdexafe,Immortals,49.72,31
1820,cmy,Gen.G,2.09,6
1899,lqxknmm,G2 Esports,39.10,5
1998,yummvex,Rogue,90.39,4
1424,uvfpmkvz,Gen.G,62.36,31
1955,fdryk,T1,85.47,8
1104,pihelebw,Sentinels,40.95,39
904,ljaesqmm,100 Thieves,62.40,30
1485,qze,Gen.G,76.09,27
715,oue,T1,13.74,18
1659,qxb,100 Thieves,17.55,31
870,jbnmgb,Cloud9,56.96,7
1435,wlfy,FlyQuest,16.22,34
2786,eydb,Rogue,11.16,22
2887,cik,T1,10.82,29
1938,syub,Hanwha Life Esports,91.86,16
2318,tqsfmg,G2 Esports,69.01,33
414,ayyac,Gen.G,25.53,19
2750,lkggw,Damwon Gaming,24.13,8
2867,jjkx,Cloud9,99.32,36
1984,uxpbof,Gen.G,22.24,43
1832,zako,Rogue,53.80,25
1541,ydadk,Immortals,33.87,8
719,qistc,MAD Lions,53.63,32
2708,ytmxvyrx,MAD Lions,13.70,34
1610,toauhz,100 Thieves,10.01,9
1452,jmjhux,Cloud9,37.60,14
2916,zknnaizc,Cloud9,13.49,28
2292,dni,G2 Esports,1.76,31
1817,lhnnbsjn,Immortals,75.93,44
365,vjlksoyp,Fnatic,31.64,3
1791,szavkn,Cloud9,4.45,32
637,klc,Sentinels,83.57,18
2320,wwf,MAD Lions,98.23,13
101,uxh,G2 Esports,78.12,39
1178,rch,FlyQuest,71.08,10
1992,efyly,G2 Esports,42.75,45
328,ncgreujo,Hanwha Life Esports,56.33,14
2189,cftlx,Hanwha Life Esports,87.32,11
2223,npdkpnvi,Gen.G,21.34,32
2912,bqidna,FlyQuest,64.00,38
733,eqiyirri,Sentinels,94.63,38
1280,palqsaln,Immortals,81.20,4
1647,koruq,Sentinels,50.28,35
1111,lse,FlyQuest,65.19,35
2679,xefmg,Hanwha Life Esports,74.23,9
188,vlgsf,Fnatic,93.93,34
533,xkmqnjp,Damwon Gaming,80.12,6
2324,ocv,Rogue,34.54,5
2575,mog,G2 Esports,95.60,33
102,ikp,G2 Esports,77.02,43
410,wxsyy,T1,3.96,24
1734,pbt,Gen.G,88.50,17
800,tqelia,FlyQuest,98.50,24
1013,bsjwde,T1,70.70,43
121,nes,100 Thieves,81.66,27
1875,ugobl,100 Thieves,90.15,21
2766,ugkd,T1,42.46,35
2590,kmjkw,Sentinels,83.18,35
455,brhorhk,Sentinels,19.91,17
782,mtkiu,Gen.G,3.92,17
698,nasjt,100 Thieves,33.41,27
1039,gxu,MAD Lions,32.61,8
1033,uwxgor,G2 Esports,86.22,1
1884,qigirw,Rogue,94.37,39
2730,bzvj,G2 Esports,87.19,38
2130,lqrwf,Rogue,8.83,37
1014,sdzg,Cloud9,34.16,38
2400,ednc,MAD Lions,19.98,11
2386,dut,G2 Esports,82.90,1
2751,wjtpvd,Cloud9,25.11,38
1368,wtszyn,Gen.G,38.64,23
655,cdlt,FlyQuest,15.27,11
110,sob,G2 Esports,55.30,38
638,stcmcoqa,Sentinels,46.87,20
421,chwtsxt,Hanwha Life Esports,92.43,45
1015,nabbmcge,Hanwha Life Esports,19.46,30
245,zgsy,MAD Lions,19.78,42
2866,kkkbt,Gen.G,83.77,25
1271,kshzkhak,FlyQuest,38.50,4
45,wrat,Gen.G,2.95,24
2447,pdcxxbxi,G2 Esports,79.79,9
1343,uhtpauq,Immortals,57.81,23
2163,qusng,Immortals,68.31,31
693,lbd,MAD Lions,56.97,29
2597,lsitrf,T1,17.18,33
2523,wqjna,MAD Lions,73.98,21
2,fyom,Damwon Gaming,15.29,37
499,luo,MAD Lions,37.13,22
933,gye,Fnatic,1.16,38
2408,igl,FlyQuest,92.04,29
1058,hqxle,Gen.G,73.75,6
1496,qoxfj,Damwon Gaming,55.72,34
1136,hbi,G2 Esports,2.59,39
164,fubpsjwa,Rogue,86.53,43
306,prq,Damwon Gaming,43.36,13
2407,xivd,MAD Lions,29.25,41
943,eyvamo,Immortals,2.94,20
857,gvbkbh,G2 Esports,39.27,31
1260,zoudd,G2 Esports,11.30,30
799,dzcqtr,Damwon Gaming,67.06,15
2794,vgylipuc,Cloud9,30.72,15
2797,pygo,Sentinels,61.03,43
240,zlms,MAD Lions,56.49,2
2742,qvxufzkl,Rogue,59.29,21
1419,gofjog,T1,59.54,32
1731,ydfiqhy,Gen.G,19.81,9
713,apjd,Gen.G,15.26,9
2567,nyipavst,Cloud9,28.09,15
303,phmjyzcd,Cloud9,98.11,35
215,ifddpqrp,Damwon Gaming,17.07,11
2211,demyp,100 Thieves,99.81,10
1646,qrgnsd,Sentinels,58.06,18
248,lgyj,Damwon Gaming,6.25,10
1925,bbofp,Hanwha Life Esports,51.45,16
1912,kydud,100 Thieves,67.80,25
1773,jaqwoqa,Cloud9,69.90,15
827,zic,Damwon Gaming,92.91,26
2884,boxn,100 Thieves,42.12,11
418,zxyif,100 Thieves,98.53,5
2492,aixlmm,Cloud9,51.56,12
119,jpysnut,FlyQuest,13.46,11
852,tjlnu,Sentinels,60.22,3
2685,ktas,MAD Lions,93.92,37
582,ktfp,Cloud9,91.12,16
2997,donbssjq,Fnatic,6.60,12
1778,tbfqfi,Hanwha Life Esports,19.53,37
1207,yzecg,MAD Lions,82.04,21
1711,kzsem,100 Thieves,37.73,45
1508,rqwakmks,G2 Esports,5.27,6
957,pumuyisp,MAD Lions,10.38,40
462,qxt,Gen.G,31.49,27
1247,udhbuauw,100 Thieves,36.24,26
2633,niml,Gen.G,53.64,3
1571,xqsadwg,Fnatic,85.56,38
1563,ajfwt,Rogue,80.86,13
2676,zwcrf,Immortals,99.60,24
577,kfqeyz,Sentinels,31.87,2
2773,fakbi,Immortals,79.74,2
2779,ckdiz,MAD Lions,96.92,14
2169,pydjgha,Sentinels,24.62,10
1766,qqp,MAD Lions,70.24,38
1940,scijocrl,100 Thieves,13.77,39
2977,pdhqicdz,Hanwha Life Esports,96.05,10
2460,nlilgab,T1,90.46,26
2340,kxonz,Immortals,86.87,41
2837,pbhjjbu,Rogue,17.53,43
1551,oquda,Hanwha Life Esports,84.74,3
666,jxqqp,Immortals,95.59,21
1209,hugn,FlyQuest,83.15,43
2907,wzq,FlyQuest,79.57,44
1237,lcc,Cloud9,84.37,45
1232,xjvblz,MAD Lions,94.13,36
606,umefurg,T1,28.85,36
989,sfsvpbkw,Gen.G,74.91,22
2326,jxksxhww,Immortals,25.37,39
2335,dagod,100 Thieves,39.70,28
2548,xiqxpku,Rogue,59.06,20
1663,nhdc,Damwon Gaming,0.68,37
619,mwvm,T1,45.53,9
1506,jyfbu,FlyQuest,92.41,15
2124,xwanmvm,Cloud9,21.63,39
771,gxbxkyik,Gen.G,22.35,2
1054,ezor,100 Thieves,3.82,18
623,crxq,Hanwha Life Esports,97.58,10
285,axgmczmq,Sentinels,72.29,5
383,dddzdlxh,FlyQuest,64.43,38
2434,vjrxpmid,Rogue,14.72,18
1226,mtrqyf,Rogue,62.15,28
180,hqlbcth,Immortals,23.85,14
2607,elpyzlia,Sentinels,63.09,31
1176,weivts,T1,3.47,20
253,svxijrno,T1,52.58,26
1713,pgavlo,Cloud9,51.80,4
2724,qycptc,Damwon Gaming,10.49,19
93,nbwqkzih,G2 Esports,22.73,21
1735,wjxo,G2 Esports,31.55,44
710,flpdvab,FlyQuest,59.02,15
1405,scbsz,G2 Esports,65.41,8
1601,pailmw,Damwon Gaming,32.60,37
1274,hghrbqsn,Sentinels,2.35,36
737,mxexgd,T1,70.12,24
1145,lgbe,Rogue,35.02,24
2801,jhptb,G2 Esports,65.47,11
1206,iexv,FlyQuest,53.42,33
212,zxcguinm,Sentinels,10.02,19
1776,cadtiow,Damwon Gaming,90.42,12
1981,pzymef,Fnatic,49.91,19
216,grbpd,Cloud9,78.07,24
2040,rsoghf,Rogue,48.12,37
186,loyqiujf,Hanwha Life Esports,14.19,24
1800,kxrgqu,T1,29.24,5
1398,tzfiqpr,Sentinels,28.90,17
363,scaqd,Damwon Gaming,72.73,6
1638,sct,100 Thieves,42.59,8
1159,qfnnsjnu,Rogue,72.12,44
603,hgfkowi,MAD Lions,75.64,45
2274,daxc,100 Thieves,65.12,42
1252,hnxwxbsy,Sentinels,9.54,16
1366,vzrzpu,Gen.G,14.73,37
601,jtfr,Fnatic,51.21,35
826,cspmmasw,G2 Esports,80.89,25
10,bqshso,Fnatic,11.67,30
1036,duoaviws,Hanwha Life Esports,79.42,14
1364,ljl,Gen.G,90.07,19
2844,xvlisn,Sentinels,10.01,34
872,bttlbomq,MAD Lions,84.05,23
2695,kpb,Gen.G,36.45,41
2419,uquskax,Fnatic,53.38,11
687,gqa,Immortals,1.49,26
2255,vrubr,Cloud9,6.42,34
2771,prylw,Fnatic,48.22,37
2719,nrbctnwz,MAD Lions,99.93,5
356,uuwmndf,Rogue,85.79,25
2215,wcj,Damwon Gaming,68.86,19
2983,puoz,Sentinels,0.24,43
2199,qyyo,MAD Lions,97.25,21
1246,euhlbzv,Rogue,13.44,25
198,vxnle,G2 Esports,74.03,21
2111,lnbudclb,T1,55.46,4
452,augy,MAD Lions,10.57,35
836,sheeuhj,Sentinels,97.83,10
488,msvg,Gen.G,13.43,19
28,qeevpmv,Rogue,19.56,37
384,mbfyei,100 Thieves,9.26,41
1339,qircoyn,T1,41.87,27
1932,qqgocvd,Rogue,11.66,36
2584,wxagq,T1,91.39,19
1600,kmcvdpy,Fnatic,4.49,23
225,ladleyks,Rogue,21.21,19
2455,gbvtit,FlyQuest,68.93,22
2249,qkhz,100 Thieves,23.55,16
2301,thds,Fnatic,25.81,36
1666,tgty,100 Thieves,53.35,26
2343,fcpeqf,Hanwha Life Esports,95.11,2
2365,cft,Damwon Gaming,54.83,26
2019,oju,100 Thieves,6.68,15
1566,okrqmc,100 Thieves,30.50,41
1819,cxa,Hanwha Life Esports,34.02,45
461,abdi,Gen.G,54.78,10
2143,djnl,Damwon Gaming,70.25,23
463,wmiaaoxw,100 Thieves,94.26,43
1061,ytsbxcwi,MAD Lions,53.44,33
299,bvcedu,Cloud9,96.79,35
908,yfe,Rogue,29.26,30
355,syrzo,Immortals,85.70,22
1761,igmrcst,Cloud9,48.62,1
2651,pzvhqmy,Hanwha Life Esports,22.00,44
962,zwhf,Rogue,13.65,18
2204,ctvmhwij,Cloud9,70.98,9
2146,lhuw,Cloud9,58.18,37
944,upykgq,Cloud9,65.56,14
2734,frbztm,FlyQuest,23.09,18
1442,qsmfz,Sentinels,39.87,6
2273,cinq,T1,89.18,14
673,tbjuseye,Rogue,47.41,23
2353,mjucomth,FlyQuest,84.05,8
628,ejgu,Hanwha Life Esports,97.97,9
674,ybisbszg,Hanwha Life Esports,20.13,8
983,sclsjboz,G2 Esports,80.01,34
596,winmlv,Cloud9,23.70,10
2193,uha,Cloud9,80.35,14
2076,ttfq,Hanwha Life Esports,29.74,8
1394,yow,Cloud9,14.00,43
2216,djvyqm,Fnatic,75.71,44
2479,jqca,FlyQuest,76.11,19
1914,klopzoqy,FlyQuest,16.68,6
309,umze,Hanwha Life Esports,74.04,26
2531,idzjkddt,MAD Lions,54.60,20
2058,wbsoq,Rogue,52.63,15
2935,oyrnmft,Immortals,98.42,35
1346,qdx,G2 Esports,77.29,31
1623,zqbfr,Rogue,36.07,9
1521,iepmji,T1,69.85,32
1670,cjqj,FlyQuest,54.20,18
331,sgx,T1,34.75,32
1772,pazgwz,Fnatic,73.32,7
1137,qdwie,Fnatic,95.70,25
1067,bigouv,Hanwha Life Esports,79.94,8
1440,psxln,G2 Esports,36.50,2
2701,fxubaxcs,Gen.G,62.62,29
345,hfto,MAD Lions,7.14,23
931,ezd,Hanwha Life Esports,94.30,21
117,aqyaodek,T1,99.24,27
2030,arfnvode,Sentinels,55.60,37
227,ndno,Hanwha Life Esports,23.67,38
936,ajd,Damwon Gaming,35.54,6
2325,rdgoeye,FlyQuest,73.51,12
1558,owyeq,FlyQuest,68.71,13
2914,vig,Hanwha Life Esports,66.97,1
2928,vygsjgb,Cloud9,20.48,24
1484,roaijjp,Hanwha Life Esports,11.81,29
1997,jqopct,100 Thieves,61.94,3
2449,zqiwy,FlyQuest,11.20,4
1130,agurrl,MAD Lions,83.37,31
757,opzojwq,Gen.G,34.34,19
2348,qpvug,Fnatic,55.18,28
626,htbkkac,Gen.G,48.04,39
1665,yncszr,FlyQuest,36.31,41
9,ehjaxplb,Hanwha Life Esports,49.94,41
2834,gtl,Immortals,51.94,23
1248,pdoifm,Gen.G,97.87,2
55,xcryd,Hanwha Life Esports,34.31,19
2090,fcye,Rogue,31.65,35
1728,iuhhpuil,T1,39.01,21
885,krzjdl,Cloud9,76.01,3
2001,thjhtent,T1,6.22,16
891,zyvudtwv,FlyQuest,44.57,19
1426,taiunxdt,Hanwha Life Esports,68.11,30
887,uvs,Sentinels,78.33,23
1059,idvltrjr,Rogue,2.16,22
2948,wdvrjb,Cloud9,12.59,12
765,qopz,Cloud9,96.07,2
2133,xbwxd,T1,93.38,37
111,frdme,Gen.G,0.44,9
802,sjcb,Damwon Gaming,17.46,14
862,vatygolw,MAD Lions,22.90,30
1827,eswg,Immortals,28.42,42
617,kthpj,FlyQuest,8.70,8
2363,zgwrwmx,Damwon Gaming,89.91,14
762,shroogfj,Hanwha Life Esports,6.58,19
2452,ebvkiu,T1,94.76,44
1808,dxl,Cloud9,18.17,4
2481,cufv,Sentinels,47.65,7
2593,nraxrchd,T1,39.87,27
916,sczonc,Hanwha Life Esports,45.22,29
267,gwe,FlyQuest,35.13,41
126,pkas,Immortals,95.62,30
2812,plcskka,Sentinels,98.23,27
2414,ckhnzk,FlyQuest,77.05,34
2889,txpu,Immortals,11.11,39
1507,uqczxn,FlyQuest,43.48,11
76,hwvyrdml,FlyQuest,76.47,3
457,fdloco,Cloud9,34.94,9
1141,gblk,G2 Esports,4.16,33
1626,xseykh,Fnatic,88.37,44
1408,lmnng,Damwon Gaming,23.24,23
1265,wiq,Gen.G,65.86,22
128,esj,Immortals,48.96,18
686,busvrz,100 Thieves,66.01,19
586,rgtwzlh,G2 Esports,41.09,21
315,wcywq,Rogue,39.86,13
2746,vberaskj,Cloud9,4.04,42
2106,yhhpnrsu,Damwon Gaming,79.72,30
1737,mfol,Hanwha Life Esports,5.60,2
688,jrt,Rogue,59.87,10
849,eyuj,Sentinels,70.97,44
2845,spmkzh,FlyQuest,46.23,35
658,utgpbqjk,G2 Esports,89.90,18
1556,pao,Sentinels,72.83,25
2602,eoktsw,100 Thieves,57.46,13
353,tuya,G2 Esports,33.65,40
692,hdld,MAD Lions,98.01,8
2755,bshw,FlyQuest,75.76,31
2212,lzqwd,Damwon Gaming,79.78,24
2545,mcxceezh,G2 Esports,80.01,35
275,twpgsp,FlyQuest,52.77,35
1685,atq,Hanwha Life Esports,17.55,20
1266,oxwx,Sentinels,25.95,25
1617,jxecvndu,Rogue,98.85,22
1037,frwqvavj,FlyQuest,46.87,29
277,dkwbsm,Gen.G,96.22,22
2864,ouyql,Gen.G,91.65,12
940,gtawtosw,Rogue,44.22,23
2177,zjt,MAD Lions,52.63,45
986,bigpho,Sentinels,77.52,34
1331,non,Sentinels,54.94,42
2361,cbhphpnh,FlyQuest,1.72,26
2182,raodon,Hanwha Life Esports,47.32,27
716,rdtbnt,Hanwha Life Esports,50.15,45
2614,hfp,FlyQuest,82.66,26
1146,qijeuhs,G2 Esports,58.20,25
1350,utlgznkv,G2 Esports,47.10,16
1198,prfaa,MAD Lions,61.11,1
829,fwghrxv,G2 Esports,75.59,16
2149,caqkt,Hanwha Life Esports,71.92,18
735,tnbu,Damwon Gaming,94.48,25
1090,eemhwyls,G2 Esports,11.01,18
985,ozmizhow,G2 Esports,64.09,19
2515,jpty,Damwon Gaming,60.09,22
1201,giczy,Gen.G,47.42,2
1902,thhsuu,Fnatic,14.83,6
996,kkr,T1,52.09,5
1459,uuiyvrx,Cloud9,50.50,12
2333,tawky,Sentinels,18.55,22
2965,bmsag,Sentinels,48.31,13
178,qfwxkut,Cloud9,89.80,21
1864,bgjc,Sentinels,91.34,3
2596,tnamshsf,T1,86.36,44
1334,xdfgtut,Rogue,32.06,29
2463,hcjds,Rogue,3.01,18
2550,gcv,Damwon Gaming,13.78,16
1565,azl,Fnatic,85.50,20
2529,tdqybd,G2 Esports,4.52,6
794,xyws,T1,39.49,19
547,mqn,Cloud9,88.88,24
684,yvqoaa,MAD Lions,65.32,6
20,xxoaiba,Sentinels,65.19,24
935,ubnn,100 Thieves,21.81,45
88,xjyzx,Rogue,65.92,3
2035,lvpujiv,Gen.G,92.20,31
1576,klmmn,T1,65.28,35
33,euoft,Immortals,40.12,26
1765,ldod,Fnatic,92.82,24
1677,hkacjsbt,Gen.G,64.54,11
679,clb,Rogue,73.66,16
1289,jjwlvltf,Sentinels,86.29,1
696,nwirj,FlyQuest,70.95,27
2717,jyzmccyj,Hanwha Life Esports,38.86,44
2620,zizwjq,Sentinels,45.15,31
2756,whj,100 Thieves,64.79,21
2874,ptmde,Damwon Gaming,33.73,8
1431,ccrk,T1,68.82,18
780,bmrookh,Sentinels,10.18,33
974,dkqcia,Sentinels,42.59,27
307,uafazb,Fnatic,84.22,44
2927,vckdcx,Cloud9,86.04,40
2057,hjrtgwpr,Sentinels,75.42,6
2898,ytx,Fnatic,39.66,31
868,qaxhb,Gen.G,34.46,14
2372,mwejfsb,FlyQuest,0.73,26
1404,dpuwlyss,G2 Esports,52.85,8
1725,xsgnvx,MAD Lions,44.54,23
37,bjyj,G2 Esports,93.77,4
2180,jldu,G2 Esports,19.26,12
2356,tibj,Rogue,69.17,6
1664,eochfneb,Damwon Gaming,45.59,21
1687,seltns,Rogue,79.26,23
823,eiskgh,Hanwha Life Esports,16.20,11
1758,uqlwchu,MAD Lions,31.74,24
1831,gjnb,T1,67.95,4
2661,gtivj,Immortals,22.38,20
22,bavuggkd,Damwon Gaming,64.71,25
2438,nynfipt,FlyQuest,22.46,8
899,slqcq,Rogue,77.28,32
2053,biid,MAD Lions,78.31,35
1057,lvnthkjq,T1,24.37,23
1,owinmjoi,G2 Esports,35.12,4
2939,hhkou,100 Thieves,37.73,23
174,mlaplktb,G2 Esports,11.84,18
1931,kojqem,T1,49.59,4
675,byinmaug,Damwon Gaming,29.27,20
301,rtij,Fnatic,33.01,42
939,czh,Damwon Gaming,18.56,7
1454,huhdcdkq,G2 Esports,6.32,14
695,tgjbn,Fnatic,16.83,9
807,cyycearh,MAD Lions,59.41,34
2308,uxumiqz,Rogue,16.50,5
1172,duenwcvq,FlyQuest,54.63,29
2451,nzje,T1,96.11,4
1970,vnsrjfn,G2 Esports,50.47,5
473,ohzyj,MAD Lions,18.11,45
2785,piugr,100 Thieves,45.84,18
2722,mrkovd,Damwon Gaming,58.37,12
2046,adlq,FlyQuest,25.43,21
874,xbzlek,Hanwha Life Esports,55.33,39
443,elv,Immortals,94.97,24
2034,nkj,Damwon Gaming,76.54,26
2203,ykgj,Cloud9,51.61,7
784,neejrvu,Damwon Gaming,45.80,17
256,hdcyqt,100 Thieves,45.41,4
2841,akrjylx,Damwon Gaming,54.71,28
2981,ecl,T1,17.74,2
947,bzc,G2 Esports,25.63,21
2224,wszu,Gen.G,28.34,2
975,odnvaby,Gen.G,70.79,22
2970,ooysrny,G2 Esports,4.60,22
360,ymagj,100 Thieves,52.28,26
2214,cuigii,FlyQuest,47.22,30
2659,iwjet,Rogue,98.27,13
725,pdttj,Gen.G,46.87,15
2969,ezcn,Rogue,73.12,35
653,wjwieqd,Damwon Gaming,80.09,8
1205,jgyfxozt,Fnatic,19.71,36
1313,rfqsa,G2 Esports,73.07,39
682,vuhj,Damwon Gaming,32.29,13
292,qvwml,Gen.G,2.77,35
2813,ova,MAD Lions,72.32,27
397,jhcuvqfr,Hanwha Life Esports,59.53,33
2829,cgvoyd,Immortals,24.61,44
1493,mirvpnse,T1,34.79,11
919,ehlggzv,FlyQuest,14.69,25
1478,pwfibcc,Damwon Gaming,31.07,36
1056,bqw,100 Thieves,70.63,30
1022,neh,100 Thieves,60.59,7
218,rpiv,G2 Esports,89.84,10
2803,err,Hanwha Life Esports,93.72,36
311,vohqfh,Cloud9,85.63,32
2832,nshry,Fnatic,10.55,27
2105,fdhk,Rogue,14.43,15
1891,bealdq,G2 Esports,78.84,34
329,kzn,MAD Lions,32.50,39
234,uvppsxd,Gen.G,33.89,9
2838,sonxjmul,Hanwha Life Esports,6.67,4
2764,azu,MAD Lions,47.65,33
1337,enmkggf,T1,16.78,37
270,odfxwst,100 Thieves,87.36,28
2592,ojp,Hanwha Life Esports,9.30,12
2765,nqzsh,100 Thieves,60.03,8
139,jkqznj,Immortals,52.55,12
242,hva,Damwon Gaming,17.49,26
1214,prpyoaiq,Sentinels,91.94,36
1261,vcwzuhqy,Gen.G,97.36,42
1278,igiirpjr,Damwon Gaming,19.42,45
1129,nzwksqs,100 Thieves,32.41,45
2646,yxbri,FlyQuest,94.78,13
454,ljrhvhx,Damwon Gaming,39.11,21
860,okoxhphk,Sentinels,52.54,34
1345,wqvcnm,Damwon Gaming,38.61,15
1011,kpmsygqm,Sentinels,68.03,6
1425,hovar,Immortals,26.66,14
1603,jlvt,FlyQuest,34.25,27
1675,gho,Sentinels,38.15,17
1472,zpbttri,Cloud9,34.54,16
2011,dzn,Hanwha Life Esports,76.70,29
2521,yqk,Damwon Gaming,65.13,18
1870,wyghtn,Immortals,96.21,6
2103,yrgiaf,Rogue,75.99,21
2555,kduxqfw,Damwon Gaming,16.58,43
103,kibdf,Sentinels,89.21,29
2857,sfyurs,Cloud9,64.21,36
146,aokpny,Fnatic,81.33,17
2392,vhenni,Sentinels,71.49,4
830,duujvf,T1,3.25,31
2959,mjldek,Gen.G,57.39,7
2851,kdpqetj,G2 Esports,10.96,18
1462,ptfjbfgv,G2 Esports,52.15,21
1511,fgi,Immortals,82.89,11
1197,symhep,T1,78.16,17
214,tcob,Immortals,38.35,12
2783,ompvjm,Gen.G,1.77,9
154,ljj,Cloud9,58.84,31
2655,tpj,MAD Lions,45.30,21
2117,hicaigji,Fnatic,94.84,35
2498,kext,Cloud9,20.06,31
558,aeiel,Gen.G,96.17,16
850,ghiagj,Sentinels,38.27,42
956,teda,G2 Esports,64.47,21
432,qjel,Fnatic,56.51,42
527,aijixbwg,100 Thieves,91.69,30
1031,vruoskr,Cloud9,27.30,32
1194,agl,100 Thieves,91.26,3
1988,ixk,FlyQuest,68.35,37
759,fopukl,Fnatic,86.57,2
1019,bwwoush,FlyQuest,37.66,11
2956,wkt,Cloud9,58.45,36
1023,xffbj,Sentinels,1.80,44
1606,wvhag,Rogue,49.86,27
2196,rtqyty,Cloud9,82.58,6
140,dsjlu,Gen.G,19.23,43
2787,jbnoeno,Fnatic,1.24,39
1510,cpi,Rogue,58.41,7
2687,ubiskb,G2 Esports,75.25,26
1156,xyewlwyb,Immortals,23.61,43
1026,nvtvuy,Gen.G,25.90,42
1423,mgliamn,Immortals,25.00,23
2065,rpmr,G2 Esports,17.95,19
434,cozri,Sentinels,57.05,6
2086,dkriroon,Sentinels,13.12,24
930,ojk,G2 Esports,19.98,38
192,qqngvc,Gen.G,35.47,20
184,hyb,G2 Esports,81.90,7
2234,fsimozu,Fnatic,14.24,41
1624,kxmrse,Sentinels,73.76,2
531,tyrze,MAD Lions,59.64,39
1158,iscqyrzg,Hanwha Life Esports,65.64,17
873,pzxeoeg,Immortals,17.94,27
1042,lqxkjyn,Sentinels,42.03,16
1418,faflu,FlyQuest,26.43,22
2626,axbm,100 Thieves,14.86,5
1581,vozgcaxa,G2 Esports,53.27,7
1896,hxuncf,Cloud9,8.87,31
163,oeglhwln,Fnatic,10.84,37
1167,hydlpzv,FlyQuest,76.24,32
901,ofssau,G2 Esports,64.44,7
2225,kmnbkba,FlyQuest,55.41,35
2911,tlbagn,T1,56.66,11
2645,yytko,MAD Lions,37.65,10
84,vllugc,T1,53.67,34
445,npc,FlyQuest,72.37,36
496,trqagcw,FlyQuest,75.34,22
2342,xuapl,Damwon Gaming,2.81,34
2753,qtled,Fnatic,2.70,9
1794,ysxgb,Damwon Gaming,13.43,7
2415,pml,Damwon Gaming,56.46,22
1527,wwvxoc,Rogue,25.42,28
1982,rnrydtqj,Rogue,64.46,44
928,rmvxeq,Damwon Gaming,15.99,12
1863,bfswvpo,Gen.G,8.04,17
2251,kbnrfg,100 Thieves,36.47,44
964,grgcobg,MAD Lions,58.56,45
1698,zwdynvv,Immortals,4.07,18
841,etfqfaf,G2 Esports,99.68,37
2167,krwd,MAD Lions,28.60,16
569,uwupfz,Gen.G,82.06,42
2879,vxge,Immortals,80.99,11
1986,vzzuxtdv,G2 Esports,47.50,38
2944,fiamh,T1,38.31,38
1242,wheeprt,Gen.G,36.01,42
1365,ncctb,Immortals,92.55,32
2413,pjcl,G2 Esports,65.38,3
1384,hwmbm,Immortals,64.57,16
2006,aarj,100 Thieves,14.50,11
472,marwcrbc,T1,37.24,11
8,oopa,Gen.G,45.36,29
1479,wgzqc,Cloud9,69.80,40
1162,uvzzjo,G2 Esports,20.00,6
2394,nya,Hanwha Life Esports,76.23,23
1857,kgguqhvp,T1,56.70,23
915,urkso,Hanwha Life Esports,60.88,19
1975,zgiuod,Fnatic,11.11,13
754,sscezya,Rogue,20.50,20
2387,bsihbyqc,Sentinels,30.22,29
2174,hlcvvedo,Fnatic,69.36,9
135,uirix,MAD Lions,83.80,7
2383,vava,FlyQuest,77.14,7
1937,ocrkugx,Rogue,57.23,45
1372,rnkalrkb,Gen.G,82.11,11
2774,kdabuyo,G2 Esports,87.11,35
1152,xrkwkufh,Sentinels,29.14,16
257,nfa,Gen.G,30.38,37
1509,jrb,Sentinels,3.27,35
1759,gggdtjys,Sentinels,47.34,26
2161,uxikxec,T1,44.27,41
1534,ltwstb,Sentinels,58.41,26
839,bnlhrhp,Gen.G,77.16,39
290,vewzb,Rogue,97.51,32
210,aonmm,FlyQuest,97.98,36
1160,puu,Hanwha Life Esports,21.76,45
2790,nqulcv,Damwon Gaming,55.92,23
1320,vqskb,Hanwha Life Esports,24.01,20
2312,enkzy,MAD Lions,16.99,17
1705,nuqtdtz,FlyQuest,26.01,6
1468,qvdbnjsl,FlyQuest,11.94,41
2427,uvrbfqk,T1,85.68,8
977,kmmn,Sentinels,23.06,19
176,lbehry,Hanwha Life Esports,14.71,13
1473,fjaxcbs,Damwon Gaming,29.07,9
2865,zwwb,Sentinels,15.06,20
1544,hwalhyj,FlyQuest,44.62,24
2978,hzpfma,Rogue,26.87,23
2964,hpra,Hanwha Life Esports,21.46,32
2393,ytqngtv,100 Thieves,42.83,36
560,nzpa,Fnatic,80.77,23
2623,jzvty,G2 Esports,32.61,45
2836,guvqye,100 Thieves,48.88,5
2491,oyjwfpdm,T1,33.04,31
543,hdsrs,Cloud9,3.55,25
310,qozvkbam,Gen.G,49.00,40
2197,jgmovwlz,Gen.G,96.55,9
11,hnzy,Hanwha Life Esports,49.98,6
980,quq,Gen.G,65.49,33
1416,leidybbc,G2 Esports,76.59,14
1978,anzxdedl,Immortals,89.37,45
2002,iigfx,Gen.G,93.27,10
1754,hknbh,Sentinels,39.57,9
1367,crruzf,G2 Esports,14.96,33
1143,lpl,MAD Lions,3.47,20
169,cietwui,Immortals,38.20,10
2692,vwqry,Hanwha Life Esports,68.03,24
2279,kxt,Gen.G,62.56,16
2885,uqslr,Fnatic,35.38,3
1990,bfofxfq,G2 Esports,60.32,4
1185,muokfs,MAD Lions,25.49,3
2894,kjgs,Sentinels,80.35,37
54,mil,MAD Lions,50.94,33
1562,ntqnza,Sentinels,97.61,35
326,gjn,T1,76.61,32
2381,vyt,T1,55.75,36
1335,ylmiwsf,G2 Esports,48.19,14
1017,tpxuvu,Rogue,64.43,39
1644,mimxsiz,MAD Lions,10.99,36
2960,gjxnpwt,Gen.G,4.33,5
548,vthfyh,Immortals,45.54,3
2781,gdrxmgjw,Immortals,81.02,24
341,wpz,G2 Esports,97.63,41
1118,efv,Fnatic,53.14,28
152,zbryw,Damwon Gaming,53.91,38
775,hkqra,Immortals,63.27,28
605,glnxscp,Damwon Gaming,76.46,45
1005,noq,Immortals,58.31,17
1668,egldxjqb,Hanwha Life Esports,58.01,28
2537,dkht,Immortals,21.09,36
294,nllimrm,Fnatic,27.18,30
1224,fhhwd,Cloud9,56.74,22
1823,hfrmdupi,Rogue,6.99,17
1124,acjgg,Sentinels,98.21,37
2120,eawfhe,Immortals,67.33,12
2560,yxs,100 Thieves,36.79,24
1088,nydzli,Cloud9,62.46,40
129,mrrjyst,Gen.G,25.85,35
2495,nhrb,Fnatic,68.56,45
1654,vxjvynmb,Immortals,88.09,12
312,ocaoiqff,Sentinels,33.05,40
660,bdqbjjrz,100 Thieves,65.81,8
554,rklcr,Cloud9,23.47,32
2870,xvrjs,Damwon Gaming,99.89,18
1518,esous,100 Thieves,17.79,3
1120,ojxoitjv,Rogue,87.11,19
26,ammo,Hanwha Life Esports,4.68,28
153,rklre,FlyQuest,34.37,35
1360,onwar,Sentinels,36.17,44
2642,pyb,Cloud9,61.98,1
941,doqpq,Immortals,53.45,20
1629,fgobe,MAD Lions,9.33,35
1855,wmw,G2 Esports,19.45,16
501,rrnolqq,MAD Lions,16.91,39
2412,jkyvd,Fnatic,16.47,30
1123,lzkwy,T1,17.32,30
444,srjfkrt,100 Thieves,98.71,35
994,swltaxpp,Damwon Gaming,25.08,45
86,dkdc,MAD Lions,54.47,31
2547,gfdlqrhx,Sentinels,41.89,26
1588,fvay,G2 Esports,1.07,13
1195,bihlok,Immortals,31.68,37
1077,hkqsxvye,T1,39.06,28
1001,ztnrhxix,MAD Lions,3.88,45
1451,bdwguf,Damwon Gaming,69.28,23
490,ayrq,Rogue,53.18,22
123,hfajry,Gen.G,2.38,1
1086,ggenmja,FlyQuest,95.43,24
953,xsfhof,100 Thieves,68.99,23
2807,khutuof,Rogue,55.59,24
317,klykltf,Gen.G,7.85,42
1173,eebznkfn,Cloud9,2.08,6
269,bdd,MAD Lions,81.01,10
478,mbmhj,MAD Lions,57.30,33
1357,mdbgg,100 Thieves,71.59,40
2702,ixyigrmk,Hanwha Life Esports,1.99,14
721,sgi,T1,36.48,14
1660,xoiiprpq,Hanwha Life Esports,32.53,23
1979,kgq,Gen.G,32.86,17
255,jwnwb,100 Thieves,32.54,9
1836,tqnpkvm,Sentinels,38.63,41
661,dyz,Sentinels,49.91,5
1122,hkhfu,Fnatic,46.95,36
1315,rdos,Damwon Gaming,79.06,9
2015,itawsr,Sentinels,68.09,29
818,qssj,FlyQuest,60.47,36
968,faubf,FlyQuest,87.81,4
859,geiudg,G2 Esports,72.95,29
1520,mvtpsfg,Gen.G,14.89,37
999,gyu,G2 Esports,68.10,43
2519,tskpgml,Cloud9,87.60,23
545,dappfbh,T1,11.72,11
2185,ixt,Rogue,24.43,7
2370,pikb,Damwon Gaming,46.45,18
805,dqs,Hanwha Life Esports,40.76,28
2917,hshl,Damwon Gaming,31.69,11
991,abcjvpri,Immortals,83.53,8
1008,hsyngx,Sentinels,81.58,3
175,ixcef,Immortals,50.99,29
70,zbnqm,Fnatic,54.84,23
1960,ysshebxr,Sentinels,42.27,5
1018,ilkwps,Damwon Gaming,98.13,31
1793,bpsuxsjf,Rogue,91.36,35
1887,oizwsq,MAD Lions,15.38,6
2858,eiermfvc,100 Thieves,21.18,10
2054,kxcwjqu,Immortals,94.97,38
1397,dcbclbt,Immortals,51.00,41
1483,rzl,T1,0.19,29
1245,saejr,T1,16.52,10
1578,job,Gen.G,66.01,44
346,tsys,Fnatic,40.28,33
1872,dfekp,Hanwha Life Esports,40.17,36
581,rzp,Cloud9,29.84,29
918,zyhezbwj,Rogue,4.32,10
2380,lusdvpwh,G2 Esports,13.88,26
522,kdfybk,Immortals,24.86,31
1786,rjb,Hanwha Life Esports,54.03,31
1072,ifnkqp,100 Thieves,36.40,45
2344,xjs,Immortals,62.88,17
1352,nyyjr,FlyQuest,83.55,38
75,bqkhm,Hanwha Life Esports,13.14,15
509,euinx,FlyQuest,32.94,44
1277,gbsp,Cloud9,7.47,38
629,gbjn,Immortals,49.08,21
1787,bfjfsk,FlyQuest,5.30,36
1329,dig,100 Thieves,24.59,29
2739,kao,Hanwha Life Esports,43.49,29
903,ikko,100 Thieves,11.31,33
53,etcwb,Sentinels,23.32,27
2496,esrozqau,Fnatic,35.02,44
2780,gjwc,MAD Lions,34.24,36
1494,ioopd,100 Thieves,27.95,14
1650,hdnyzxn,Hanwha Life Esports,4.75,9
68,wqdqwab,Immortals,76.58,2
2707,xlp,Hanwha Life Esports,34.59,25
1945,exykoytt,Fnatic,52.28,10
71,ckmfcii,Fnatic,27.21,37
2329,swdrfz,T1,92.97,6
1969,iyjkkqz,Gen.G,28.39,27
100,kfkzylpf,Damwon Gaming,23.09,39
702,mluybfue,100 Thieves,30.25,27
2173,gvw,Hanwha Life Esports,83.92,6
1480,klj,MAD Lions,78.85,7
510,hvxvw,Gen.G,70.27,29
777,xjlc,Fnatic,7.54,27
2612,druz,100 Thieves,8.36,41
2665,qofie,Rogue,9.15,10
2709,josqes,Gen.G,72.36,30
2823,fqs,Hanwha Life Esports,62.91,10
2319,ieikc,Gen.G,36.51,28
350,bbyt,Rogue,55.67,5
2696,avt,Fnatic,94.42,26
2139,uigshlt,Hanwha Life Esports,70.05,38
691,lnun,100 Thieves,0.97,14
997,wpbhhxv,Damwon Gaming,5.62,29
760,oki,T1,87.07,13
1652,wwfbt,Rogue,23.18,4
230,uhsoz,Rogue,19.43,19
1395,zlp,Fnatic,5.99,26
2968,mtaywns,Immortals,47.89,38
233,rutl,Damwon Gaming,85.56,41
1333,ontxdz,Fnatic,6.52,40
1295,kmiiv,Damwon Gaming,85.93,1
998,oirovus,Immortals,74.97,16
308,svrad,MAD Lions,76.04,2
1414,vjgy,Sentinels,52.83,24
2028,nuxcgc,Damwon Gaming,2.80,41
965,wywnys,Immortals,19.70,44
1965,fxqynppk,Hanwha Life Esports,4.09,17
1135,dnxvlbch,Damwon Gaming,90.61,8
151,kqspql,MAD Lions,17.41,35
1933,isqw,100 Thieves,41.54,3
2096,ketyca,Hanwha Life Esports,24.68,22
1157,usp,Sentinels,15.78,43
2048,qmac,Cloud9,24.60,12
390,gken,Sentinels,50.94,44
914,mumng,Fnatic,23.15,10
1642,qfbimw,100 Thieves,18.21,2
158,rog,FlyQuest,29.48,35
2374,tpe,FlyQuest,39.01,38
2577,vxrtfj,MAD Lions,96.45,38
2901,ukoqaol,Sentinels,11.28,32
2116,nuxnxdx,G2 Esports,93.18,14
538,jufltk,FlyQuest,81.87,28
194,dwjsvbnl,100 Thieves,67.84,37
2403,rktc,G2 Esports,72.49,2
785,ejqmx,Sentinels,30.60,8
1283,nnefig,MAD Lions,0.63,24
2828,cfr,Cloud9,4.18,10
1781,apalivop,100 Thieves,49.24,7
1275,fayl,Immortals,62.86,44
1436,gqvryqb,Hanwha Life Esports,64.39,26
1796,shd,FlyQuest,61.47,30
1218,orvdt,Rogue,43.63,16
1223,cmpexvl,100 Thieves,52.18,31
1189,mzrkybcz,Immortals,29.01,23
1516,qklmf,Damwon Gaming,73.42,1
2473,docqpa,Sentinels,30.65,42
209,frplj,G2 Esports,25.57,12
1053,gtbnfmgj,FlyQuest,33.31,29
2962,kgzuuc,T1,89.00,41
2437,iucgf,MAD Lions,95.52,25
2953,tyjok,G2 Esports,16.09,45
2444,zxkqbio,Cloud9,74.70,8
1401,dru,Gen.G,70.20,5
1154,czoofdb,Hanwha Life Esports,96.48,33
2811,xlvsb,Rogue,38.95,43
2729,bvsf,Rogue,48.46,17
1389,bqqeqthf,Damwon Gaming,58.37,1
1095,nckv,T1,47.73,12
489,zzxol,Cloud9,49.95,11
1445,fwba,Rogue,25.07,43
1590,texoun,G2 Esports,20.23,36
1092,yki,Fnatic,57.23,42
2703,iqd,FlyQuest,96.17,27
1888,kqkzorn,FlyQuest,15.50,26
64,dmjc,Damwon Gaming,85.86,15
2933,gajbncak,T1,82.05,30
741,pkhktfll,T1,87.43,43
2079,lteipa,T1,46.35,22
2131,gqac,T1,87.71,19
12,nyoyzo,Gen.G,24.40,2
2218,qvaa,MAD Lions,90.19,25
193,fgy,Immortals,81.62,14
1528,etv,Gen.G,53.43,14
1387,mlhnzgwu,FlyQuest,60.80,1
717,uhjh,FlyQuest,2.48,13
2168,ril,Sentinels,80.64,17
2996,bekuwnhp,FlyQuest,77.78,11
1336,bmgel,Sentinels,87.72,1
409,lkkx,Sentinels,65.12,27
208,hyvzpcc,Gen.G,23.95,24
1486,gwo,Gen.G,94.84,26
2024,whunwiai,Damwon Gaming,3.38,38
1003,ulsujmpk,Rogue,67.60,40
2619,qacilyax,Sentinels,63.30,29
2485,lzzgig,Immortals,2.41,10
1757,wzjgonp,Gen.G,48.06,2
364,rsdgbyl,Fnatic,63.38,43
2961,perz,Rogue,5.12,35
1181,lpqeg,Rogue,35.07,5
1957,qlieub,Damwon Gaming,68.66,26
2459,mpvrl,Sentinels,25.78,8
667,mfscsc,MAD Lions,25.72,19
1921,oeowqcdg,100 Thieves,49.74,36
48,mnnkjo,Damwon Gaming,0.69,32
2493,ajmkhxkt,Damwon Gaming,92.81,21
362,owphbl,Rogue,41.01,26
689,takhwn,Gen.G,40.47,26
1255,kplxphuq,Sentinels,40.88,14
1678,pvqf,Rogue,46.99,1
39,bir,Hanwha Life Esports,51.84,37
2069,pcqzdfxw,Gen.G,95.97,27
508,agfbwlv,Cloud9,89.17,6
1869,fkl,Cloud9,96.15,45
377,gfjrbfwf,Hanwha Life Esports,40.62,2
17,klypgh,Immortals,42.97,31
1325,smbnwl,Sentinels,58.03,44
1174,nkkunzkr,MAD Lions,81.83,30
1775,vcb,100 Thieves,53.56,22
1276,zhidmv,T1,89.48,13
1006,cimywh,Cloud9,60.73,3
2876,qzvlchgz,Damwon Gaming,96.31,8
2129,aecmdx,Fnatic,59.41,21
1460,srjyxe,MAD Lions,10.76,35
1121,cdlg,T1,56.85,9
304,vpjo,Gen.G,66.85,12
1066,qzciybw,Cloud9,32.07,24
2967,eboeo,100 Thieves,71.89,28
2815,nvqsqces,Hanwha Life Esports,11.41,29
300,srns,Hanwha Life Esports,36.56,36
1147,pmw,Damwon Gaming,99.98,32
2464,lgqbdcm,Cloud9,90.64,37
1284,vgh,Fnatic,41.83,41
635,xpuhkby,Immortals,71.12,39
114,bukvzw,Damwon Gaming,36.05,39
2430,zrqaxg,Sentinels,56.59,5
18,tme,Gen.G,70.44,40
1115,llsbfl,100 Thieves,2.42,19
19,ihxtfl,Damwon Gaming,23.17,25
1911,doaz,FlyQuest,28.05,27
1692,blkbdkt,Rogue,2.98,36
2031,viays,Sentinels,62.73,25
2497,wsxvj,Fnatic,1.32,21
239,vfjwi,Immortals,42.91,27
1100,zhenvvqf,100 Thieves,60.90,35
1089,kerskxfy,MAD Lions,68.27,21
1573,cor,Damwon Gaming,34.56,42
756,uxieatnw,Rogue,68.45,12
838,kktp,T1,32.31,10
1941,wze,FlyQuest,42.17,36
972,ohvkhfx,Damwon Gaming,73.87,27
321,mqhlg,Cloud9,65.15,36
449,gwkhkj,Rogue,73.85,22
171,qhdzkeq,G2 Esports,32.33,26
398,vth,FlyQuest,27.13,8
1989,knujht,G2 Esports,91.30,23
2986,lmjlpuo,Cloud9,90.28,23
2949,czpi,MAD Lions,29.83,37
2043,ofb,MAD Lions,58.91,7
1369,ljye,FlyQuest,80.91,38
992,neq,FlyQuest,96.41,21
1792,goexblfb,Damwon Gaming,56.33,37
2609,ufz,T1,32.31,17
2022,cirbs,Rogue,59.27,25
1784,nma,Cloud9,56.84,38
386,skpdk,Sentinels,10.37,23
2268,kmvruoqx,Cloud9,32.41,20
2585,veceheq,G2 Esports,64.59,30
2639,glpugx,MAD Lions,46.43,42
1078,gcpiiqa,100 Thieves,41.33,31
1693,ivsnrrod,Immortals,83.43,42
259,gaxsvt,T1,9.57,16
613,rncbnwxr,G2 Esports,15.45,30
2450,ovolx,100 Thieves,33.70,30
2063,vnw,FlyQuest,13.28,23
2754,ettbco,G2 Esports,91.74,8
423,qpbccsva,FlyQuest,94.69,24
736,hzexhfh,100 Thieves,88.71,8
2306,abpe,Immortals,39.78,1
2049,jhej,Sentinels,65.72,4
855,fkhj,FlyQuest,26.30,11
281,rswhfi,100 Thieves,11.71,15
2514,azhqwwp,Sentinels,55.86,14
1826,mfnyk,Cloud9,28.96,30
416,acraeepg,Immortals,81.23,40
2684,jtyou,Immortals,50.92,24
2037,bfppryfb,Sentinels,14.17,30
1866,iawlfqh,Damwon Gaming,87.12,36
599,bbs,Damwon Gaming,15.08,9
709,vveynbf,T1,91.94,29
1080,sfgqlj,FlyQuest,88.25,38
1219,axe,Rogue,46.05,9
2376,ijsl,Cloud9,84.97,8
1303,wwj,G2 Esports,17.90,33
1204,chkdfcv,G2 Esports,35.22,12
738,ggcvjwys,Cloud9,76.65,6
1667,nxwp,Rogue,11.30,21
1047,prhdriw,Cloud9,49.14,44
2432,utrb,Sentinels,7.70,3
1512,xclj,T1,36.82,7
441,lymmvh,Cloud9,87.69,1
203,agevgq,MAD Lions,35.58,33
1771,brcwhb,Hanwha Life Esports,13.49,12
1221,skquzhre,Damwon Gaming,18.57,29
1050,kkre,Immortals,57.72,3
2080,umboinzf,Cloud9,28.08,44
2528,zecuj,Gen.G,67.07,2
85,ohnp,100 Thieves,6.50,26
1091,zegxbsin,Immortals,38.74,32
330,spp,T1,75.51,39
2252,qmezl,Hanwha Life Esports,36.36,5
2162,wuh,FlyQuest,12.01,13
1041,fqkf,T1,47.24,41
588,diutl,G2 Esports,39.36,29
2631,wnnqsk,MAD Lions,5.03,18
851,nqmmqykt,G2 Esports,60.53,7
2882,aoqzmnhq,Sentinels,28.09,27
1843,ura,G2 Esports,57.13,22
662,khpg,Fnatic,8.52,7
2422,olbo,G2 Esports,77.89,11
229,jury,T1,70.57,4
1719,ymcchle,Fnatic,12.54,8
2119,qzg,MAD Lions,16.32,17
1533,lusg,Fnatic,18.12,42
2568,skwr,100 Thieves,64.25,3
2723,zdrth,Hanwha Life Esports,15.07,42
2294,llxuj,100 Thieves,47.33,31
1585,usd,Sentinels,21.93,7
2925,pbuvjajj,Fnatic,65.32,7
1999,zzcuo,Rogue,91.45,27
4,okd,Gen.G,44.78,22
893,vginuu,Sentinels,92.25,42
1269,grqc,T1,37.86,15
1082,aytyoq,MAD Lions,4.38,22
1447,xnr,Hanwha Life Esports,80.46,33
2302,rumqzpt,Rogue,84.51,25
2396,xxuokcj,MAD Lions,81.83,39
2362,vrdhkzo,FlyQuest,82.33,23
2208,vlwgwrf,T1,1.99,34
243,ffhn,Damwon Gaming,31.12,38
235,tergzz,G2 Esports,83.30,22
1904,gimxhg,Sentinels,91.97,32
1411,hmavbp,Damwon Gaming,34.20,44
934,lbzxmt,Damwon Gaming,58.88,9
314,cnw,Immortals,58.06,12
1208,isn,Damwon Gaming,76.86,40
863,yqzhcy,Immortals,79.55,17
2321,ugdgx,Sentinels,76.64,20
2112,pmhrux,100 Thieves,52.04,30
521,hsdot,Cloud9,93.84,43
2688,orpam,Fnatic,96.78,27
813,zdjtl,Gen.G,90.46,6
2281,xxfkufr,Rogue,21.16,10
2957,fgfw,MAD Lions,94.04,42
954,ffduw,Gen.G,9.98,9
1202,nxjwhwq,T1,72.26,6
1953,mzx,Immortals,12.76,29
1741,hebbszgf,Immortals,80.76,41
1216,sfzoly,G2 Esports,2.48,36
2352,kdxxi,100 Thieves,91.49,36
1616,pouh,Cloud9,33.01,8
1254,uhetet,Hanwha Life Esports,9.56,31
2853,hjmzynq,MAD Lions,62.45,15
487,wsisy,G2 Esports,87.86,33
2546,lfxrim,Cloud9,78.56,33
2113,lntad,Hanwha Life Esports,40.81,2
892,oga,Sentinels,44.76,31
1751,pztu,Damwon Gaming,0.92,37
1730,agnsir,Hanwha Life Esports,74.45,34
881,rweren,Damwon Gaming,2.87,14
74,dlwrhy,Damwon Gaming,31.20,19
2138,navhgf,Fnatic,12.58,44
1901,verqzucy,Hanwha Life Esports,71.74,26
340,swabykyj,Cloud9,17.66,40
2861,zqrtc,Immortals,59.13,20
298,qynlyt,Fnatic,9.58,44
2824,aadwc,Sentinels,65.26,19
1457,gvi,Immortals,7.82,45
2670,opnmbnrs,Hanwha Life Esports,47.67,4
2760,niyhnpdt,Cloud9,3.24,28
1985,mytfpca,G2 Esports,34.06,40
2938,fcbyyvz,Sentinels,89.98,13
2666,mdthc,Immortals,43.11,29
2269,ozqb,Sentinels,43.78,8
440,fquppa,Immortals,47.27,33
1878,imjetxf,MAD Lions,45.10,21
2535,fwb,Fnatic,58.06,44
1391,kok,FlyQuest,26.83,33
265,donwrlsu,Hanwha Life Esports,26.59,6
2792,jfit,Damwon Gaming,40.93,5
2640,mvbs,T1,77.09,30
2554,siztshwo,Damwon Gaming,64.98,14
2026,mdphiy,Fnatic,50.58,18
2155,cbpq,Immortals,38.16,3
1514,fzq,Sentinels,97.33,16
2979,htpif,Sentinels,72.01,18
1012,bfsl,Cloud9,27.26,36
2014,fthh,Immortals,25.76,11
57,xah,Hanwha Life Esports,94.00,14
2578,bju,Cloud9,68.76,13
1324,jrixto,MAD Lions,67.39,26
1802,vcfo,Damwon Gaming,38.40,44
568,qgfgfl,Damwon Gaming,83.61,17
2668,fmg,FlyQuest,25.11,36
1790,dweiqqi,100 Thieves,46.02,42
1844,hbgew,Damwon Gaming,9.13,9
1064,mjnaki,G2 Esports,70.77,5
157,gyjsedd,T1,7.86,19
1707,qhuwaei,Immortals,33.82,21
2516,maucanh,Cloud9,32.43,7
2354,brkin,Fnatic,85.73,29
2235,yjky,Immortals,73.81,11
1747,zbndtv,100 Thieves,8.87,20
1838,dzhoofm,Rogue,29.07,16
2261,gkm,Gen.G,0.18,34
2420,hrn,Rogue,41.49,40
1966,zaam,Rogue,93.28,7
1722,idtmmfqd,Gen.G,81.23,15
2141,hbjckqjo,FlyQuest,8.79,32
1410,efgkzh,Gen.G,89.48,9
1539,xsegedg,100 Thieves,53.06,12
913,gtkdnap,Gen.G,67.81,30
1415,ddeu,G2 Esports,25.63,4
1614,fos,T1,50.38,39
160,wqxubp,T1,99.80,2
244,kpgdvj,Cloud9,64.60,12
1140,ycs,Immortals,53.32,29
1034,kcbd,Sentinels,62.93,39
284,pcdnlixk,Fnatic,92.88,32
704,qpizn,Cloud9,31.31,36
1474,lyl,Rogue,14.22,32
680,dvwrn,G2 Esports,44.43,38
739,fyqk,G2 Esports,25.52,20
2678,kpxobw,100 Thieves,77.10,32
1403,htlqzpc,Sentinels,14.45,43
2192,rofc,Damwon Gaming,98.94,37
562,mmjzefo,Gen.G,46.10,24
1443,ndf,G2 Esports,66.02,2
172,rmwwg,Rogue,62.25,1
2699,eagtc,Fnatic,37.64,26
580,gllsqcw,Hanwha Life Esports,34.82,25
2534,lbrp,Hanwha Life Esports,59.19,14
166,birmpny,Gen.G,21.44,6
1342,dyfhofw,Gen.G,44.29,1
2712,rgffaxj,G2 Esports,85.62,39
2471,zhgz,Fnatic,52.38,10
504,bcvrnlhi,100 Thieves,60.68,6
195,zsjp,G2 Esports,5.84,20
226,vspg,Gen.G,60.51,15
60,hbgfdnk,G2 Esports,45.70,28
1851,qfxpg,Cloud9,12.58,26
820,wnrfl,MAD Lions,27.78,5
889,julaf,T1,96.88,14
2820,mcsri,Immortals,70.42,36
1142,oqqjwmb,Sentinels,45.38,1
2314,tzccpmb,MAD Lions,45.77,35
148,bdardf,FlyQuest,35.38,26
2231,tmf,Immortals,93.78,45
1422,byzioft,Hanwha Life Esports,22.75,3
1253,yrv,Rogue,34.30,4
2385,zojjyhh,Gen.G,69.12,41
211,kxt,Cloud9,19.05,38
2558,qqq,100 Thieves,27.31,14
1733,hflos,G2 Esports,63.57,7
427,rfhbqy,Cloud9,50.48,1
2681,czfbl,Cloud9,64.38,17
2114,tvppbta,Gen.G,81.47,42
2987,irqidomd,Sentinels,36.86,44
668,wspo,FlyQuest,42.16,39
1028,pcrbq,Hanwha Life Esports,8.45,22
894,wczx,FlyQuest,95.14,41
2775,mmpb,MAD Lions,83.48,4
1598,rvjn,Hanwha Life Esports,57.64,23
844,idyb,MAD Lions,13.33,12
540,pdupuk,Rogue,52.59,22
2508,tfkydzc,Hanwha Life Esports,19.71,25
650,gmm,MAD Lions,28.13,38
2637,oed,G2 Esports,36.05,25
774,dachfig,MAD Lions,82.84,37
2976,savnak,FlyQuest,83.20,14
2426,muzshycr,FlyQuest,82.08,38
313,sfbusea,T1,56.61,11
546,pdoxm,MAD Lions,94.73,45
2618,wvsmw,Rogue,44.09,38
1549,bwskgggc,100 Thieves,95.34,24
2733,ldct,Damwon Gaming,29.69,17
1406,dyceogq,G2 Esports,16.01,12
888,jutdycpp,Hanwha Life Esports,39.98,24
2847,yczk,T1,53.58,10
1134,vdi,MAD Lions,49.78,19
1471,wnjghws,FlyQuest,8.10,37
1081,vubdnbd,FlyQuest,37.81,6
711,pbl,100 Thieves,1.20,44
142,zae,100 Thieves,75.40,20
2476,qrzqtlp,Gen.G,94.37,5
2903,izewauk,G2 Esports,87.46,10
685,ydywxhf,Damwon Gaming,78.86,20
1542,lrufxc,Immortals,96.97,34
2871,auyd,G2 Esports,20.03,5
2310,ukftqh,Gen.G,79.91,18
2622,pgdrilci,100 Thieves,46.68,33
2994,hmgnihy,Fnatic,35.25,31
731,gxzftys,Rogue,35.84,21
1842,ooedij,Immortals,89.86,45
1438,fukcfrc,G2 Esports,73.49,8
115,goj,Immortals,30.05,21
2000,hzbvqf,Hanwha Life Esports,22.89,15
2669,gggat,MAD Lions,95.77,33
2985,jlmnbmqy,G2 Esports,42.97,45
2630,plfxgi,FlyQuest,59.07,43
389,dtfvfxbr,Immortals,68.27,23
1244,gdhrtt,Gen.G,97.40,4
905,umywje,Damwon Gaming,54.15,40
1321,mcej,Damwon Gaming,7.61,4
2160,egvlekqf,MAD Lions,89.38,25
486,rpkxssss,G2 Esports,98.67,10
2067,hrbulhyc,Hanwha Life Esports,62.26,25
2360,nosakwyq,Hanwha Life Esports,7.12,38
368,bwx,Rogue,61.67,1
2295,drq,MAD Lions,65.57,45
325,mqiuavo,Immortals,33.06,13
2287,gqbmalmq,Sentinels,63.38,20
1835,rtutdl,T1,52.97,39
2627,pmqgtd,T1,51.53,26
1029,pdsmzs,Damwon Gaming,59.00,21
949,pivwvwa,Damwon Gaming,77.30,32
1798,rivw,Rogue,31.67,2
2557,yvvset,MAD Lions,65.44,30
2327,mcii,Sentinels,1.67,6
1671,ahr,Sentinels,44.89,38
2989,vcmjmsfo,Gen.G,81.38,2
803,zuty,FlyQuest,30.73,28
981,jxkqqm,100 Thieves,68.90,13
2892,wnekg,FlyQuest,8.42,11
2930,wvkr,Sentinels,91.13,29
2068,zyyrr,Rogue,12.52,34
237,vjtumw,Gen.G,26.55,19
2714,ssbcd,Immortals,3.88,14
2232,uvhctzyl,Hanwha Life Esports,81.18,7
714,loxnrkd,G2 Esports,46.48,1
1906,mumpeoc,T1,82.50,22
1432,rqczomw,FlyQuest,53.67,14
1716,nmgevjzi,FlyQuest,40.65,13
513,rbl,T1,56.86,39
1764,ieq,Hanwha Life Esports,42.89,12
2850,pzpta,Damwon Gaming,23.55,6
2346,rxzt,Sentinels,8.74,13
1575,okzohk,Rogue,22.74,8
1096,rxupv,MAD Lions,98.01,13
514,vswnlei,Immortals,44.29,40
578,aroypve,MAD Lions,75.63,29
1048,acds,Sentinels,66.86,42
2289,zujq,Rogue,6.10,30
809,cmd,Hanwha Life Esports,52.26,10
2123,bevf,MAD Lions,73.71,32
625,ewnouuh,Gen.G,2.24,1
1515,pykrxmc,Rogue,51.07,15
768,lvjy,Fnatic,18.57,5
1332,urbklg,Rogue,18.11,43
2881,dqrmk,Gen.G,37.96,43
1196,zgmww,Immortals,1.83,29
2940,zpyaccqf,Rogue,45.64,20
2151,clhwd,Damwon Gaming,77.89,41
2007,dbspcaht,Damwon Gaming,16.59,39
945,xyzwl,T1,74.33,43
1203,qoxsvun,MAD Lions,85.12,12
2118,zgyx,Gen.G,8.21,17
2572,vbwi,Fnatic,82.56,17
246,rvdqikvq,100 Thieves,89.60,32
1063,xlz,MAD Lions,55.13,30
955,yshjjrrw,T1,35.74,33
372,lnplbopj,100 Thieves,51.91,30
465,xhqfugf,T1,40.92,9
1163,pwovn,Cloud9,47.51,29
506,mlqljba,Rogue,63.04,5
1545,qaotlqd,Cloud9,53.43,43
572,wpt,G2 Esports,14.93,38
1680,zdbjefu,Immortals,19.03,36
1681,paig,FlyQuest,81.86,24
2689,uclrknw,Fnatic,68.26,5
2835,jlkdtx,FlyQuest,49.95,9
2469,ruv,Sentinels,0.45,18
159,olpcaqd,100 Thieves,41.08,31
130,sdk,100 Thieves,90.39,31
1213,zeu,Gen.G,71.30,18
1217,vvh,Damwon Gaming,74.12,13
97,npr,Sentinels,42.01,37
467,ffkurylf,FlyQuest,40.22,5
1233,fdre,100 Thieves,98.30,5
1388,yunfrh,Rogue,11.60,12
2470,lbvjvxws,T1,36.74,40
1523,slbegu,MAD Lions,69.64,19
2772,bcnswm,G2 Esports,15.03,13
2271,glgyfwo,Fnatic,82.48,21
2846,fcmhiy,Fnatic,76.47,17
2943,ctd,Sentinels,54.46,22
358,mhneig,MAD Lions,94.96,17
1780,ersvg,Damwon Gaming,4.27,45
1069,lpmdqrl,Damwon Gaming,39.50,45
1390,jsdf,Sentinels,30.83,34
2819,szcdggbi,Damwon Gaming,23.59,8
2159,kwofiz,Damwon Gaming,4.53,45
81,xtrtpj,MAD Lions,58.92,22
1428,ijbglspw,G2 Esports,44.29,9
2288,rrwfwee,Immortals,74.62,33
2544,fretzadl,Damwon Gaming,93.26,23
967,rznsfgrb,Fnatic,56.81,26
1021,ywahhmd,Immortals,57.58,38
2093,lhhq,Damwon Gaming,50.36,6
289,rgtqqt,Damwon Gaming,46.86,30
2322,kxzqoty,Rogue,6.27,35
249,imzyv,FlyQuest,82.70,29
1151,vcmki,Immortals,84.58,6
732,zzkmabog,Hanwha Life Esports,42.38,18
1076,rfoalrx,MAD Lions,89.23,38
1768,exfvoy,G2 Esports,12.60,11
2992,fxmk,Immortals,82.39,1
2591,zomto,FlyQuest,69.61,20
2945,pkt,MAD Lions,5.47,38
766,kzgcm,100 Thieves,3.35,9
428,bflza,FlyQuest,33.89,20
1903,fdbha,Sentinels,37.55,27
2683,klkjwwxq,G2 Esports,61.62,33
66,wmo,Hanwha Life Esports,61.04,36
787,avhloe,MAD Lions,83.40,32
2918,alru,Gen.G,58.65,9
1594,drxnji,Cloud9,27.18,37
786,notseij,100 Thieves,89.52,23
742,rkocpfm,Sentinels,87.01,36
1477,nwfth,Hanwha Life Esports,60.81,41
2566,lwx,Fnatic,52.13,18
2108,ozox,100 Thieves,1.00,28
2725,pvzgh,Gen.G,79.72,41
232,gmd,Gen.G,54.74,17
1105,nhwr,Cloud9,4.79,24
1453,hrmskf,MAD Lions,92.33,20
776,hubwbd,Fnatic,20.14,16
1701,aco,G2 Esports,33.72,18
2671,oestsaf,Fnatic,57.86,23
976,bhh,Immortals,87.61,12
705,gjh,G2 Esports,55.85,26
1285,rpjofpkn,G2 Esports,44.67,20
2358,xnvqme,MAD Lions,54.57,41
1583,jewkua,Sentinels,19.59,1
1327,tyxepgb,FlyQuest,11.72,23
1487,lojwmf,Gen.G,50.44,35
1079,kqfkyov,MAD Lions,62.31,32
131,orqkwso,Damwon Gaming,41.01,33
622,vgo,Sentinels,52.10,17
32,bnkxaecp,G2 Esports,6.15,17
1893,ldecjf,Fnatic,40.08,24
2140,ogfwx,FlyQuest,69.02,31
529,ubxgqjoq,Fnatic,30.63,26
1908,txuiu,Rogue,51.92,28
1348,wsks,Cloud9,40.55,45
1919,vgn,Hanwha Life Esports,93.93,13
1027,bnszfxrw,100 Thieves,7.19,25
2313,qzfcgcoo,FlyQuest,75.03,3
2586,bkobndwa,100 Thieves,12.31,6
551,lhue,Damwon Gaming,3.82,28
879,zqzhahq,MAD Lions,21.27,39
236,gsoanzda,Damwon Gaming,3.09,26
2776,nokso,Rogue,91.68,17
1554,vbgyxu,Hanwha Life Esports,75.05,9
352,hndlrwhm,Gen.G,83.19,24
2856,qqrzc,Hanwha Life Esports,96.46,1
1930,rrqodg,MAD Lions,84.70,44
1380,uag,MAD Lions,96.55,11
783,onp,G2 Esports,33.59,31
2888,laoko,G2 Esports,42.12,3
291,fltbges,T1,5.72,20
2282,mmmxwmsy,MAD Lions,3.84,35
848,ybs,Fnatic,29.13,17
481,iss,Immortals,32.87,8
1732,xtqp,Rogue,79.94,8
260,tqbsalg,G2 Esports,73.59,31
2598,drvhj,100 Thieves,6.56,13
1187,vrxnu,MAD Lions,74.32,20
1592,bxmd,MAD Lions,99.68,18
2674,cuvjnuqk,T1,97.25,18
652,rul,Gen.G,87.68,37
1482,mixcwv,Cloud9,54.89,4
1839,qpr,G2 Esports,31.93,10
1882,mbtfz,MAD Lions,86.99,39
2799,jgbsco,Gen.G,4.80,18
960,tskdlbw,Immortals,56.34,35
1114,qtfppn,T1,14.27,10
536,spvbemi,G2 Esports,74.54,14
293,izcowb,Hanwha Life Esports,26.55,6
502,hxjd,100 Thieves,63.42,15
724,qeiik,Hanwha Life Esports,31.23,42
187,cbolbpq,T1,8.08,2
205,gqrhclc,Fnatic,32.22,1
385,xswwvwi,Rogue,33.46,7
13,riytbrcv,G2 Esports,77.46,43
1241,heio,FlyQuest,49.91,41
2256,dhyjvxkx,100 Thieves,5.20,28
2628,rxaucx,Damwon Gaming,85.02,4
1913,inqxjto,T1,13.57,4
1801,oqklmgo,Hanwha Life Esports,74.74,20
1371,nmtmfnl,G2 Esports,60.90,30
219,pczlygeb,Cloud9,84.33,33
2697,maoksjxq,MAD Lions,6.71,28
2502,lxzpcamy,Hanwha Life Esports,69.16,44
1964,yjf,FlyQuest,82.00,1
1889,czpiw,T1,82.88,10
1489,hztqaz,Immortals,69.60,19
1710,evdenny,FlyQuest,36.31,15
2020,qal,Gen.G,57.00,45
924,bqrfofiz,Hanwha Life Esports,88.51,31
574,axwlu,MAD Lions,60.76,5
2564,nlv,Gen.G,99.00,10
2831,kvvc,T1,5.36,6
1622,zid,Cloud9,94.99,4
1818,pikat,100 Thieves,32.15,42
748,jhazj,G2 Esports,76.93,21
2441,qpexyt,Hanwha Life Esports,59.94,24
788,qogi,T1,66.87,6
511,ywxe,Hanwha Life Esports,71.09,9
584,cmkn,Damwon Gaming,53.43,34
2908,nyhvkaov,Sentinels,52.20,42
337,gckv,Immortals,30.07,40
371,etfabi,Sentinels,37.94,37
1783,ehumvy,Damwon Gaming,3.94,37
2243,cvsvi,Cloud9,15.56,10
429,vgddia,100 Thieves,13.12,14
1084,cycybh,100 Thieves,58.65,10
1229,cbeqvy,Cloud9,53.74,8
1696,gmaurmet,FlyQuest,78.73,21
2071,gdiee,Damwon Gaming,32.18,41
2195,tmcegq,Sentinels,70.79,45
1596,bhboh,Immortals,87.60,11
2507,domnpjlv,Damwon Gaming,89.06,31
107,keypjqh,Rogue,55.25,21
1215,uou,Cloud9,65.21,26
282,cxbkm,Hanwha Life Esports,92.68,36
1128,xodpibyr,FlyQuest,61.02,23
1968,btgzgvr,G2 Esports,7.56,41
254,mvqcqhps,T1,27.41,2
484,vaq,Gen.G,50.55,22
359,fwnzsz,Gen.G,87.30,4
485,swm,T1,92.87,30
1007,sdr,Cloud9,68.69,36
1567,wvvi,Hanwha Life Esports,87.71,38
2291,ncplh,Damwon Gaming,9.24,4
2099,wucqug,Hanwha Life Esports,23.43,6
896,iiwkf,Gen.G,80.49,17
271,rwbh,Damwon Gaming,98.60,25
1928,nfndk,Damwon Gaming,38.10,36
1288,uoljg,Fnatic,42.66,12
1386,bdchdpby,Gen.G,30.81,4
2825,nzdcf,Gen.G,86.96,36
2467,uvuanvd,Hanwha Life Esports,95.80,25
988,jzminwj,Rogue,32.82,17
778,mmfpvpfm,G2 Esports,88.86,16
2480,ospuscmz,Sentinels,20.79,5
494,pinxu,Damwon Gaming,2.48,32
1522,ssp,Immortals,7.26,1
1101,mhssncxv,Immortals,78.27,34
932,ouvg,Cloud9,35.38,28
1475,grfx,G2 Esports,23.60,6
534,kywotwgs,Gen.G,91.92,41
419,uvuu,Damwon Gaming,63.60,26
1935,pflih,Hanwha Life Esports,66.61,31
2369,syvhmqe,Immortals,56.11,10
453,jns,Hanwha Life Esports,89.46,43
1437,bcfws,MAD Lions,60.57,40
1643,vzu,100 Thieves,50.30,27
1727,fsmtvmbf,Fnatic,86.09,4
2749,ljtme,Immortals,7.02,12
1593,lmkrlyny,MAD Lions,24.66,10
6,wqekebsn,100 Thieves,54.39,42
491,hikby,Rogue,17.86,41
611,mdlpcp,G2 Esports,14.30,26
744,dhh,FlyQuest,26.37,39
550,eiyuw,Damwon Gaming,34.01,20
1465,eeclpg,Hanwha Life Esports,12.55,38
470,cfm,Sentinels,32.54,31
2172,jqdtq,Gen.G,32.58,7
1885,dcmyho,MAD Lions,28.85,32
1322,fdvikxej,Damwon Gaming,11.57,11
1503,yts,G2 Esports,53.49,8
